Workbook

Sheet DASHBOARD
B2: ALGOPICK — COMPARADOR DE FORECAST
B3: Todas las alternativas de forecast por intersección EAN–CFG, y simulación del consensus al cambiar el System FC.
B5: EAN | C5: 3614229382112 | D5: ← escribe aquí el EAN | F5: Descripción | G5: =_CALC!$F$23
B6: CFG a graficar | C6: (TODOS) | D6: ← "(TODOS)" = combinado | F6: House / Brand | G6: =_CALC!$F$20&" / "&_CALC!$F$21
B7: Versión actual | C7: CurrentWorkingView | D7: ← versión de trabajo | F7: Product Line | G7: =_CALC!$F$22
B8: Versión snapshot | C8: =_CALC!$F$16 | D8: ← auto; puedes sobrescribir | F8: Estado | G8: =IF(_CALC!$F$14=0,"EAN NO ENCONTRADO en CONSENSUS","OK · "&_CALC!$F$14&" filas · "&_CALC!$B$9&" CFG · "&_CALC!$B$8&" meses")
B9: Primer mes futuro | C9: =_CALC!$F$17 | D9: ← auto (snapshot + 1 mes) | F9: Meses del eje X | G9: =IF(_CALC!$B$8=0,"—",_CALC!$D$26&" → "&INDEX(_CALC!$D$26:$AM$26,_CALC!$B$8))
B10: =IF(_CALC!$B$8<>12,"AVISO: los gráficos están dibujados sobre 12 meses y la cabecera trae ahora "&_CALC!$B$8&". Amplía el rango de las series de ambos gráficos (_CALC, filas 34-50 y 163-168).",IF(_CALC!$F$18>10,"AVISO: este EAN tiene "&_CALC!$F$18&" algoritmos activos y el gráfico 1 sólo dibuja 10. Añade series apuntando a _CALC filas 51 en adelante.",""))
B11: DATOS MAESTROS POR INTERSECCIÓN · pestaña ADHOC
B12: CFG | C12: Final Segment | D12: System Bestfit Algorithm | E12: Planner Bestfit Algorithm | F12: System Assigned Algorithm List | G12: Planner Additions | H12: System BestFit Final | I12: BestFit vigente (1er → últ. mes)
B13: =IF(_CALC!$B$113="","",_CALC!$B$113) | C13: =IF(_CALC!$C$113=0,"",IFERROR(INDEX(ADHOC!$A$2:$BZ$20001,_CALC!$C$113,MATCH("Final Segment",ADHOC!$1:$1,0)),"")) | D13: =IF(_CALC!$C$113=0,"",IFERROR(INDEX(ADHOC!$A$2:$BZ$20001,_CALC!$C$113,MATCH("System Bestfit Algorithm",ADHOC!$1:$1,0)),"")) | E13: =IF(_CALC!$C$113=0,"",IFERROR(INDEX(ADHOC!$A$2:$BZ$20001,_CALC!$C$113,MATCH("Planner Bestfit Algorithm",ADHOC!$1:$1,0)),"")) | F13: =IF(_CALC!$C$113=0,"",IFERROR(INDEX(ADHOC!$A$2:$BZ$20001,_CALC!$C$113,MATCH("System Assigned Algorithm List",ADHOC!$1:$1,0)),"")) | G13: =IF(_CALC!$C$113=0,"",IFERROR(INDEX(ADHOC!$A$2:$BZ$20001,_CALC!$C$113,MATCH("Planner Additions",ADHOC!$1:$1,0)),"")) | H13: =IF(_CALC!$C$113=0,"",IFERROR(INDEX(ADHOC!$A$2:$BZ$20001,_CALC!$C$113,MATCH("System BestFit Final",ADHOC!$1:$1,0)),"")) | I13: =IF(_CALC!$B$113="","",_CALC!$H$113)
B14: =IF(_CALC!$B$114="","",_CALC!$B$114) | C14: =IF(_CALC!$C$114=0,"",IFERROR(INDEX(ADHOC!$A$2:$BZ$20001,_CALC!$C$114,MATCH("Final Segment",ADHOC!$1:$1,0)),"")) | D14: =IF(_CALC!$C$114=0,"",IFERROR(INDEX(ADHOC!$A$2:$BZ$20001,_CALC!$C$114,MATCH("System Bestfit Algorithm",ADHOC!$1:$1,0)),"")) | E14: =IF(_CALC!$C$114=0,"",IFERROR(INDEX(ADHOC!$A$2:$BZ$20001,_CALC!$C$114,MATCH("Planner Bestfit Algorithm",ADHOC!$1:$1,0)),"")) | F14: =IF(_CALC!$C$114=0,"",IFERROR(INDEX(ADHOC!$A$2:$BZ$20001,_CALC!$C$114,MATCH("System Assigned Algorithm List",ADHOC!$1:$1,0)),"")) | G14: =IF(_CALC!$C$114=0,"",IFERROR(INDEX(ADHOC!$A$2:$BZ$20001,_CALC!$C$114,MATCH("Planner Additions",ADHOC!$1:$1,0)),"")) | H14: =IF(_CALC!$C$114=0,"",IFERROR(INDEX(ADHOC!$A$2:$BZ$20001,_CALC!$C$114,MATCH("System BestFit Final",ADHOC!$1:$1,0)),"")) | I14: =IF(_CALC!$B$114="","",_CALC!$H$114)
B15: =IF(_CALC!$B$115="","",_CALC!$B$115) | C15: =IF(_CALC!$C$115=0,"",IFERROR(INDEX(ADHOC!$A$2:$BZ$20001,_CALC!$C$115,MATCH("Final Segment",ADHOC!$1:$1,0)),"")) | D15: =IF(_CALC!$C$115=0,"",IFERROR(INDEX(ADHOC!$A$2:$BZ$20001,_CALC!$C$115,MATCH("System Bestfit Algorithm",ADHOC!$1:$1,0)),"")) | E15: =IF(_CALC!$C$115=0,"",IFERROR(INDEX(ADHOC!$A$2:$BZ$20001,_CALC!$C$115,MATCH("Planner Bestfit Algorithm",ADHOC!$1:$1,0)),"")) | F15: =IF(_CALC!$C$115=0,"",IFERROR(INDEX(ADHOC!$A$2:$BZ$20001,_CALC!$C$115,MATCH("System Assigned Algorithm List",ADHOC!$1:$1,0)),"")) | G15: =IF(_CALC!$C$115=0,"",IFERROR(INDEX(ADHOC!$A$2:$BZ$20001,_CALC!$C$115,MATCH("Planner Additions",ADHOC!$1:$1,0)),"")) | H15: =IF(_CALC!$C$115=0,"",IFERROR(INDEX(ADHOC!$A$2:$BZ$20001,_CALC!$C$115,MATCH("System BestFit Final",ADHOC!$1:$1,0)),"")) | I15: =IF(_CALC!$B$115="","",_CALC!$H$115)
B16: =IF(_CALC!$B$116="","",_CALC!$B$116) | C16: =IF(_CALC!$C$116=0,"",IFERROR(INDEX(ADHOC!$A$2:$BZ$20001,_CALC!$C$116,MATCH("Final Segment",ADHOC!$1:$1,0)),"")) | D16: =IF(_CALC!$C$116=0,"",IFERROR(INDEX(ADHOC!$A$2:$BZ$20001,_CALC!$C$116,MATCH("System Bestfit Algorithm",ADHOC!$1:$1,0)),"")) | E16: =IF(_CALC!$C$116=0,"",IFERROR(INDEX(ADHOC!$A$2:$BZ$20001,_CALC!$C$116,MATCH("Planner Bestfit Algorithm",ADHOC!$1:$1,0)),"")) | F16: =IF(_CALC!$C$116=0,"",IFERROR(INDEX(ADHOC!$A$2:$BZ$20001,_CALC!$C$116,MATCH("System Assigned Algorithm List",ADHOC!$1:$1,0)),"")) | G16: =IF(_CALC!$C$116=0,"",IFERROR(INDEX(ADHOC!$A$2:$BZ$20001,_CALC!$C$116,MATCH("Planner Additions",ADHOC!$1:$1,0)),"")) | H16: =IF(_CALC!$C$116=0,"",IFERROR(INDEX(ADHOC!$A$2:$BZ$20001,_CALC!$C$116,MATCH("System BestFit Final",ADHOC!$1:$1,0)),"")) | I16: =IF(_CALC!$B$116="","",_CALC!$H$116)
B17: =IF(_CALC!$B$117="","",_CALC!$B$117) | C17: =IF(_CALC!$C$117=0,"",IFERROR(INDEX(ADHOC!$A$2:$BZ$20001,_CALC!$C$117,MATCH("Final Segment",ADHOC!$1:$1,0)),"")) | D17: =IF(_CALC!$C$117=0,"",IFERROR(INDEX(ADHOC!$A$2:$BZ$20001,_CALC!$C$117,MATCH("System Bestfit Algorithm",ADHOC!$1:$1,0)),"")) | E17: =IF(_CALC!$C$117=0,"",IFERROR(INDEX(ADHOC!$A$2:$BZ$20001,_CALC!$C$117,MATCH("Planner Bestfit Algorithm",ADHOC!$1:$1,0)),"")) | F17: =IF(_CALC!$C$117=0,"",IFERROR(INDEX(ADHOC!$A$2:$BZ$20001,_CALC!$C$117,MATCH("System Assigned Algorithm List",ADHOC!$1:$1,0)),"")) | G17: =IF(_CALC!$C$117=0,"",IFERROR(INDEX(ADHOC!$A$2:$BZ$20001,_CALC!$C$117,MATCH("Planner Additions",ADHOC!$1:$1,0)),"")) | H17: =IF(_CALC!$C$117=0,"",IFERROR(INDEX(ADHOC!$A$2:$BZ$20001,_CALC!$C$117,MATCH("System BestFit Final",ADHOC!$1:$1,0)),"")) | I17: =IF(_CALC!$B$117="","",_CALC!$H$117)
B18: =IF(_CALC!$B$118="","",_CALC!$B$118) | C18: =IF(_CALC!$C$118=0,"",IFERROR(INDEX(ADHOC!$A$2:$BZ$20001,_CALC!$C$118,MATCH("Final Segment",ADHOC!$1:$1,0)),"")) | D18: =IF(_CALC!$C$118=0,"",IFERROR(INDEX(ADHOC!$A$2:$BZ$20001,_CALC!$C$118,MATCH("System Bestfit Algorithm",ADHOC!$1:$1,0)),"")) | E18: =IF(_CALC!$C$118=0,"",IFERROR(INDEX(ADHOC!$A$2:$BZ$20001,_CALC!$C$118,MATCH("Planner Bestfit Algorithm",ADHOC!$1:$1,0)),"")) | F18: =IF(_CALC!$C$118=0,"",IFERROR(INDEX(ADHOC!$A$2:$BZ$20001,_CALC!$C$118,MATCH("System Assigned Algorithm List",ADHOC!$1:$1,0)),"")) | G18: =IF(_CALC!$C$118=0,"",IFERROR(INDEX(ADHOC!$A$2:$BZ$20001,_CALC!$C$118,MATCH("Planner Additions",ADHOC!$1:$1,0)),"")) | H18: =IF(_CALC!$C$118=0,"",IFERROR(INDEX(ADHOC!$A$2:$BZ$20001,_CALC!$C$118,MATCH("System BestFit Final",ADHOC!$1:$1,0)),"")) | I18: =IF(_CALC!$B$118="","",_CALC!$H$118)
B19: =IF(_CALC!$B$119="","",_CALC!$B$119) | C19: =IF(_CALC!$C$119=0,"",IFERROR(INDEX(ADHOC!$A$2:$BZ$20001,_CALC!$C$119,MATCH("Final Segment",ADHOC!$1:$1,0)),"")) | D19: =IF(_CALC!$C$119=0,"",IFERROR(INDEX(ADHOC!$A$2:$BZ$20001,_CALC!$C$119,MATCH("System Bestfit Algorithm",ADHOC!$1:$1,0)),"")) | E19: =IF(_CALC!$C$119=0,"",IFERROR(INDEX(ADHOC!$A$2:$BZ$20001,_CALC!$C$119,MATCH("Planner Bestfit Algorithm",ADHOC!$1:$1,0)),"")) | F19: =IF(_CALC!$C$119=0,"",IFERROR(INDEX(ADHOC!$A$2:$BZ$20001,_CALC!$C$119,MATCH("System Assigned Algorithm List",ADHOC!$1:$1,0)),"")) | G19: =IF(_CALC!$C$119=0,"",IFERROR(INDEX(ADHOC!$A$2:$BZ$20001,_CALC!$C$119,MATCH("Planner Additions",ADHOC!$1:$1,0)),"")) | H19: =IF(_CALC!$C$119=0,"",IFERROR(INDEX(ADHOC!$A$2:$BZ$20001,_CALC!$C$119,MATCH("System BestFit Final",ADHOC!$1:$1,0)),"")) | I19: =IF(_CALC!$B$119="","",_CALC!$H$119)
B20: =IF(_CALC!$B$120="","",_CALC!$B$120) | C20: =IF(_CALC!$C$120=0,"",IFERROR(INDEX(ADHOC!$A$2:$BZ$20001,_CALC!$C$120,MATCH("Final Segment",ADHOC!$1:$1,0)),"")) | D20: =IF(_CALC!$C$120=0,"",IFERROR(INDEX(ADHOC!$A$2:$BZ$20001,_CALC!$C$120,MATCH("System Bestfit Algorithm",ADHOC!$1:$1,0)),"")) | E20: =IF(_CALC!$C$120=0,"",IFERROR(INDEX(ADHOC!$A$2:$BZ$20001,_CALC!$C$120,MATCH("Planner Bestfit Algorithm",ADHOC!$1:$1,0)),"")) | F20: =IF(_CALC!$C$120=0,"",IFERROR(INDEX(ADHOC!$A$2:$BZ$20001,_CALC!$C$120,MATCH("System Assigned Algorithm List",ADHOC!$1:$1,0)),"")) | G20: =IF(_CALC!$C$120=0,"",IFERROR(INDEX(ADHOC!$A$2:$BZ$20001,_CALC!$C$120,MATCH("Planner Additions",ADHOC!$1:$1,0)),"")) | H20: =IF(_CALC!$C$120=0,"",IFERROR(INDEX(ADHOC!$A$2:$BZ$20001,_CALC!$C$120,MATCH("System BestFit Final",ADHOC!$1:$1,0)),"")) | I20: =IF(_CALC!$B$120="","",_CALC!$H$120)
B22: SIMULACIÓN · elige un BestFit (y algoritmo si es ST) por intersección
B23: CFG | C23: BestFit simulado | D23: Algoritmo simulado (sólo si ST) | E23: Curva que sustituye a System FC | F23: Estado | G23: Δ total meses futuros
B24: =IF(_CALC!$B$113="","",_CALC!$B$113) | C24: (SISTEMA) | D24: (ST BestFit) | E24: =IF(_CALC!$B$113="","",IF(_CALC!$K$113="","(sin cambio)",_CALC!$K$113)) | F24: =IF(_CALC!$B$113="","",_CALC!$M$113) | G24: =IF(_CALC!$B$113="","",SUM(_CALC!$D$123:$AM$123)-SUM(_CALC!$D$133:$AM$133))
B25: =IF(_CALC!$B$114="","",_CALC!$B$114) | C25: (SISTEMA) | D25: (ST BestFit) | E25: =IF(_CALC!$B$114="","",IF(_CALC!$K$114="","(sin cambio)",_CALC!$K$114)) | F25: =IF(_CALC!$B$114="","",_CALC!$M$114) | G25: =IF(_CALC!$B$114="","",SUM(_CALC!$D$124:$AM$124)-SUM(_CALC!$D$134:$AM$134))
B26: =IF(_CALC!$B$115="","",_CALC!$B$115) | C26: (SISTEMA) | D26: (ST BestFit) | E26: =IF(_CALC!$B$115="","",IF(_CALC!$K$115="","(sin cambio)",_CALC!$K$115)) | F26: =IF(_CALC!$B$115="","",_CALC!$M$115) | G26: =IF(_CALC!$B$115="","",SUM(_CALC!$D$125:$AM$125)-SUM(_CALC!$D$135:$AM$135))
B27: =IF(_CALC!$B$116="","",_CALC!$B$116) | C27: (SISTEMA) | D27: (ST BestFit) | E27: =IF(_CALC!$B$116="","",IF(_CALC!$K$116="","(sin cambio)",_CALC!$K$116)) | F27: =IF(_CALC!$B$116="","",_CALC!$M$116) | G27: =IF(_CALC!$B$116="","",SUM(_CALC!$D$126:$AM$126)-SUM(_CALC!$D$136:$AM$136))
B28: =IF(_CALC!$B$117="","",_CALC!$B$117) | C28: (SISTEMA) | D28: (ST BestFit) | E28: =IF(_CALC!$B$117="","",IF(_CALC!$K$117="","(sin cambio)",_CALC!$K$117)) | F28: =IF(_CALC!$B$117="","",_CALC!$M$117) | G28: =IF(_CALC!$B$117="","",SUM(_CALC!$D$127:$AM$127)-SUM(_CALC!$D$137:$AM$137))
B29: =IF(_CALC!$B$118="","",_CALC!$B$118) | C29: (SISTEMA) | D29: (ST BestFit) | E29: =IF(_CALC!$B$118="","",IF(_CALC!$K$118="","(sin cambio)",_CALC!$K$118)) | F29: =IF(_CALC!$B$118="","",_CALC!$M$118) | G29: =IF(_CALC!$B$118="","",SUM(_CALC!$D$128:$AM$128)-SUM(_CALC!$D$138:$AM$138))
B30: =IF(_CALC!$B$119="","",_CALC!$B$119) | C30: (SISTEMA) | D30: (ST BestFit) | E30: =IF(_CALC!$B$119="","",IF(_CALC!$K$119="","(sin cambio)",_CALC!$K$119)) | F30: =IF(_CALC!$B$119="","",_CALC!$M$119) | G30: =IF(_CALC!$B$119="","",SUM(_CALC!$D$129:$AM$129)-SUM(_CALC!$D$139:$AM$139))
B31: =IF(_CALC!$B$120="","",_CALC!$B$120) | C31: (SISTEMA) | D31: (ST BestFit) | E31: =IF(_CALC!$B$120="","",IF(_CALC!$K$120="","(sin cambio)",_CALC!$K$120)) | F31: =IF(_CALC!$B$120="","",_CALC!$M$120) | G31: =IF(_CALC!$B$120="","",SUM(_CALC!$D$130:$AM$130)-SUM(_CALC!$D$140:$AM$140))
B33: Consensus total en meses futuros (según el filtro CFG de arriba): | E33: =IF(_CALC!$F$14=0,"—","actual "&TEXT(SUMPRODUCT(_CALC!$D$30:$AM$30,_CALC!$D$161:$AM$161),"#,##0")&" → simulado "&TEXT(SUMPRODUCT(_CALC!$D$30:$AM$30,_CALC!$D$162:$AM$162),"#,##0")&" (Δ "&TEXT(SUMPRODUCT(_CALC!$D$30:$AM$30,_CALC!$D$162:$AM$162)-SUMPRODUCT(_CALC!$D$30:$AM$30,_CALC!$D$161:$AM$161),"+#,##0;-#,##0;0")&")")
B92: CÓMO FUNCIONA
B93: • Celdas amarillas = entradas. Todo lo demás son fórmulas; no hay macros.
B94: • Gráfico 1: línea continua gruesa = Consensus - Final de la versión actual. Las demás curvas de CONSENSUS van continuas, las de BESTFIT a trazos y las de ALGO punteadas.
B95: • De ALGO sólo se dibujan las curvas con valores para el EAN (hasta 12). Se excluyen Stat Fcst L1, System ML Fcst L1 y System Stat Fcst Bestfit por ser duplicados de ST Stat Fcst (ver _CALC!A200:A202).
B96: • En modo (TODOS) las curvas se suman sobre todos los CFG del EAN. Si un algoritmo sólo existe en parte de las intersecciones, la leyenda lo marca como "parcial n/N".
B97: • Gráfico 2: la elección de la tabla de simulación sustituye a System FC - Final sólo en los meses futuros; el consensus simulado = consensus actual + (system simulado − system original), con piso en 0. Las demás capas del consensus se mantienen sin tocar.
B98: • Un algoritmo sin valor en un mes cuenta como 0. Las intersecciones sin filas en BESTFIT/ALGO (p.ej. P_US_FG) no son simulables y se dejan con su forecast original.
B99: • Para repegar datos: pega sobre CONSENSUS, BESTFIT, ALGO y ADHOC respetando la fila 1 de cabeceras. Las columnas y los meses se localizan por nombre de cabecera, hasta 36 meses y 20.000 filas por pestaña.
B100: • El eje X sale de la fila 1 de CONSENSUS. Los meses anteriores al "primer mes futuro" se marcan (hist).
B101: • Los gráficos están dibujados sobre 12 meses (_CALC!D:O, filas 34-50 y 163-168) y sobre 10 huecos para curvas de ALGO (el máximo visto por EAN es 6; los huecos sin usar salen como "—" en la leyenda). Si algún día pegas otro horizonte o aparece un EAN con más algoritmos, sale un aviso en rojo arriba: sólo hay que ampliar el rango de las series. _CALC ya calcula hasta 36 meses y 30 capas.

Sheet CONSENSUS
A1: House | B1: Brand | C1: Product Line | D1: EAN | E1: Planning Item Description | F1: CFG | G1: Version Name | H1: Data | I1: 2026.M07 | J1: 2026.M08 | K1: 2026.M09 | L1: 2026.M10 | M1: 2026.M11 | N1: 2026.M12 | O1: 2027.M01 | P1: 2027.M02 | Q1: 2027.M03 | R1: 2027.M04 | S1: 2027.M05 | T1: 2027.M06
A2: Gucci | B2: Gucci Guilty (00840) | C2: Gucci Guilty PH Eau de Parfum (00005405) | D2: 3614229382112 | E2: GG PH P EDP 50 ML IV | F2: P_US_ALL_OTHERS | G2: CurrentWorkingView | H2: Consensus - Final LY M | I2: 556 | J2: 602 | K2: 3372 | L2: 1477 | M2: 74 | N2: 1551 | O2: 155 | P2: 1256 | Q2: 2277 | R2: 2635 | S2: 1388 | T2: 2607
A3: Gucci | B3: Gucci Guilty (00840) | C3: Gucci Guilty PH Eau de Parfum (00005405) | D3: 3614229382112 | E3: GG PH P EDP 50 ML IV | F3: P_US_ALL_OTHERS | G3: CurrentWorkingView | H3: System FC - Final | I3: 2386 | J3: 617 | K3: 805 | L3: 2610 | M3: 922 | N3: 673 | O3: 695 | P3: 1392 | Q3: 1280 | R3: 758 | S3: 1315 | T3: 716
A4: Gucci | B4: Gucci Guilty (00840) | C4: Gucci Guilty PH Eau de Parfum (00005405) | D4: 3614229382112 | E4: GG PH P EDP 50 ML IV | F4: P_US_ALL_OTHERS | G4: CurrentWorkingView | H4: EPOS | I4: 1333
A5: Gucci | B5: Gucci Guilty (00840) | C5: Gucci Guilty PH Eau de Parfum (00005405) | D5: 3614229382112 | E5: GG PH P EDP 50 ML IV | F5: P_US_ALL_OTHERS | G5: CurrentWorkingView | H5: Reasonability Adjustment | J5: -1292 | K5: 365 | L5: 780 | O5: -1283 | P5: -235 | Q5: -733 | S5: -1000 | T5: -843
A6: Gucci | B6: Gucci Guilty (00840) | C6: Gucci Guilty PH Eau de Parfum (00005405) | D6: 3614229382112 | E6: GG PH P EDP 50 ML IV | F6: P_US_ALL_OTHERS | G6: CurrentWorkingView | H6: Total Demand Assumption
A7: Gucci | B7: Gucci Guilty (00840) | C7: Gucci Guilty PH Eau de Parfum (00005405) | D7: 3614229382112 | E7: GG PH P EDP 50 ML IV | F7: P_US_ALL_OTHERS | G7: CurrentWorkingView | H7: Consensus - Final | I7: 2386 | J7: 617 | K7: 1008.7822 | L7: 3390 | M7: 922 | N7: 673 | P7: 1157 | Q7: 547 | R7: 758 | S7: 315 | T7: 72
A8: Gucci | B8: Gucci Guilty (00840) | C8: Gucci Guilty PH Eau de Parfum (00005405) | D8: 3614229382112 | E8: GG PH P EDP 50 ML IV | F8: P_US_ALL_OTHERS | G8: CurrentWorkingView | H8: Supply Cuts | I8: 37
A9: Gucci | B9: Gucci Guilty (00840) | C9: Gucci Guilty PH Eau de Parfum (00005405) | D9: 3614229382112 | E9: GG PH P EDP 50 ML IV | F9: P_US_ALL_OTHERS | G9: Month-2026.M09.W38 | H9: Consensus - Final LY M | I9: 556 | J9: 602 | K9: 3372 | L9: 1477 | M9: 74 | N9: 1551 | O9: 155 | P9: 1256 | Q9: 2277 | R9: 2635 | S9: 1388 | T9: 2607
A10: Gucci | B10: Gucci Guilty (00840) | C10: Gucci Guilty PH Eau de Parfum (00005405) | D10: 3614229382112 | E10: GG PH P EDP 50 ML IV | F10: P_US_ALL_OTHERS | G10: Month-2026.M09.W38 | H10: System FC - Final | I10: 2386 | J10: 617 | K10: 738 | L10: 620 | M10: 618 | N10: 1328 | O10: 2484 | P10: 776 | Q10: 1395 | R10: 695 | S10: 1404 | T10: 1720
A11: Gucci | B11: Gucci Guilty (00840) | C11: Gucci Guilty PH Eau de Parfum (00005405) | D11: 3614229382112 | E11: GG PH P EDP 50 ML IV | F11: P_US_ALL_OTHERS | G11: Month-2026.M09.W38 | H11: EPOS | I11: 1333
A12: Gucci | B12: Gucci Guilty (00840) | C12: Gucci Guilty PH Eau de Parfum (00005405) | D12: 3614229382112 | E12: GG PH P EDP 50 ML IV | F12: P_US_ALL_OTHERS | G12: Month-2026.M09.W38 | H12: Reasonability Adjustment | J12: -1292 | K12: 365 | L12: 780 | O12: -1283 | P12: -235 | Q12: -733 | S12: -1000 | T12: -843
A13: Gucci | B13: Gucci Guilty (00840) | C13: Gucci Guilty PH Eau de Parfum (00005405) | D13: 3614229382112 | E13: GG PH P EDP 50 ML IV | F13: P_US_ALL_OTHERS | G13: Month-2026.M09.W38 | H13: Total Demand Assumption
A14: Gucci | B14: Gucci Guilty (00840) | C14: Gucci Guilty PH Eau de Parfum (00005405) | D14: 3614229382112 | E14: GG PH P EDP 50 ML IV | F14: P_US_ALL_OTHERS | G14: Month-2026.M09.W38 | H14: Consensus - Final | I14: 2386 | J14: 617 | K14: 1008.7822 | L14: 1400 | M14: 618 | N14: 1328 | O14: 1201 | P14: 541 | Q14: 662 | R14: 695 | S14: 404 | T14: 877
A15: Gucci | B15: Gucci Guilty (00840) | C15: Gucci Guilty PH Eau de Parfum (00005405) | D15: 3614229382112 | E15: GG PH P EDP 50 ML IV | F15: P_US_ALL_OTHERS | G15: Month-2026.M09.W38 | H15: Supply Cuts | I15: 37
A16: Gucci | B16: Gucci Guilty (00840) | C16: Gucci Guilty PH Eau de Parfum (00005405) | D16: 3614229382112 | E16: GG PH P EDP 50 ML IV | F16: P_US_FG | G16: CurrentWorkingView | H16: Consensus - Final LY M | J16: 3 | K16: 1
A17: Gucci | B17: Gucci Guilty (00840) | C17: Gucci Guilty PH Eau de Parfum (00005405) | D17: 3614229382112 | E17: GG PH P EDP 50 ML IV | F17: P_US_FG | G17: CurrentWorkingView | H17: System FC - Final | K17: 0 | L17: 0 | M17: 0 | N17: 0 | O17: 0 | P17: 0 | Q17: 0 | R17: 0 | S17: 0 | T17: 0
A18: Gucci | B18: Gucci Guilty (00840) | C18: Gucci Guilty PH Eau de Parfum (00005405) | D18: 3614229382112 | E18: GG PH P EDP 50 ML IV | F18: P_US_FG | G18: CurrentWorkingView | H18: EPOS
A19: Gucci | B19: Gucci Guilty (00840) | C19: Gucci Guilty PH Eau de Parfum (00005405) | D19: 3614229382112 | E19: GG PH P EDP 50 ML IV | F19: P_US_FG | G19: CurrentWorkingView | H19: Reasonability Adjustment | K19: 0 | L19: 0 | N19: 0 | O19: 0 | P19: 0 | Q19: 0 | R19: 0
A20: Gucci | B20: Gucci Guilty (00840) | C20: Gucci Guilty PH Eau de Parfum (00005405) | D20: 3614229382112 | E20: GG PH P EDP 50 ML IV | F20: P_US_FG | G20: CurrentWorkingView | H20: Total Demand Assumption
A21: Gucci | B21: Gucci Guilty (00840) | C21: Gucci Guilty PH Eau de Parfum (00005405) | D21: 3614229382112 | E21: GG PH P EDP 50 ML IV | F21: P_US_FG | G21: CurrentWorkingView | H21: Consensus - Final | K21: 0 | L21: 0 | N21: 0 | O21: 0 | P21: 0 | Q21: 0 | R21: 0
A22: Gucci | B22: Gucci Guilty (00840) | C22: Gucci Guilty PH Eau de Parfum (00005405) | D22: 3614229382112 | E22: GG PH P EDP 50 ML IV | F22: P_US_FG | G22: CurrentWorkingView | H22: Supply Cuts
A23: Gucci | B23: Gucci Guilty (00840) | C23: Gucci Guilty PH Eau de Parfum (00005405) | D23: 3614229382112 | E23: GG PH P EDP 50 ML IV | F23: P_US_FG | G23: Month-2026.M09.W38 | H23: Consensus - Final LY M | J23: 3 | K23: 1
A24: Gucci | B24: Gucci Guilty (00840) | C24: Gucci Guilty PH Eau de Parfum (00005405) | D24: 3614229382112 | E24: GG PH P EDP 50 ML IV | F24: P_US_FG | G24: Month-2026.M09.W38 | H24: System FC - Final | K24: 0 | L24: 0 | M24: 0 | N24: 0 | O24: 0 | P24: 0 | Q24: 0 | R24: 0 | S24: 0
A25: Gucci | B25: Gucci Guilty (00840) | C25: Gucci Guilty PH Eau de Parfum (00005405) | D25: 3614229382112 | E25: GG PH P EDP 50 ML IV | F25: P_US_FG | G25: Month-2026.M09.W38 | H25: EPOS
A26: Gucci | B26: Gucci Guilty (00840) | C26: Gucci Guilty PH Eau de Parfum (00005405) | D26: 3614229382112 | E26: GG PH P EDP 50 ML IV | F26: P_US_FG | G26: Month-2026.M09.W38 | H26: Reasonability Adjustment | K26: 0 | L26: 0 | N26: 0 | O26: 0 | P26: 0 | Q26: 0 | R26: 0
A27: Gucci | B27: Gucci Guilty (00840) | C27: Gucci Guilty PH Eau de Parfum (00005405) | D27: 3614229382112 | E27: GG PH P EDP 50 ML IV | F27: P_US_FG | G27: Month-2026.M09.W38 | H27: Total Demand Assumption
A28: Gucci | B28: Gucci Guilty (00840) | C28: Gucci Guilty PH Eau de Parfum (00005405) | D28: 3614229382112 | E28: GG PH P EDP 50 ML IV | F28: P_US_FG | G28: Month-2026.M09.W38 | H28: Consensus - Final | K28: 0 | L28: 0 | N28: 0 | O28: 0 | P28: 0 | Q28: 0 | R28: 0
A29: Gucci | B29: Gucci Guilty (00840) | C29: Gucci Guilty PH Eau de Parfum (00005405) | D29: 3614229382112 | E29: GG PH P EDP 50 ML IV | F29: P_US_FG | G29: Month-2026.M09.W38 | H29: Supply Cuts
A30: Gucci | B30: Gucci Guilty (00840) | C30: Gucci Guilty PH Eau de Parfum (00005405) | D30: 3614229382112 | E30: GG PH P EDP 50 ML IV | F30: P_US_ULTA | G30: CurrentWorkingView | H30: Consensus - Final LY M | I30: 172 | J30: 751 | K30: 618 | L30: 79 | M30: 635 | N30: 652 | P30: 475 | Q30: 230 | R30: 186 | S30: 691 | T30: 249
A31: Gucci | B31: Gucci Guilty (00840) | C31: Gucci Guilty PH Eau de Parfum (00005405) | D31: 3614229382112 | E31: GG PH P EDP 50 ML IV | F31: P_US_ULTA | G31: CurrentWorkingView | H31: System FC - Final | I31: 166 | J31: 331 | K31: 521 | L31: 0 | M31: 248 | N31: 177 | O31: 40 | P31: 852 | Q31: 487 | R31: 55 | S31: 376 | T31: 540
A32: Gucci | B32: Gucci Guilty (00840) | C32: Gucci Guilty PH Eau de Parfum (00005405) | D32: 3614229382112 | E32: GG PH P EDP 50 ML IV | F32: P_US_ULTA | G32: CurrentWorkingView | H32: EPOS | I32: 248
A33: Gucci | B33: Gucci Guilty (00840) | C33: Gucci Guilty PH Eau de Parfum (00005405) | D33: 3614229382112 | E33: GG PH P EDP 50 ML IV | F33: P_US_ULTA | G33: CurrentWorkingView | H33: Reasonability Adjustment | J33: -208 | K33: 235 | L33: 20 | O33: -217 | P33: -165 | Q33: -267 | T33: -157
A34: Gucci | B34: Gucci Guilty (00840) | C34: Gucci Guilty PH Eau de Parfum (00005405) | D34: 3614229382112 | E34: GG PH P EDP 50 ML IV | F34: P_US_ULTA | G34: CurrentWorkingView | H34: Total Demand Assumption
A35: Gucci | B35: Gucci Guilty (00840) | C35: Gucci Guilty PH Eau de Parfum (00005405) | D35: 3614229382112 | E35: GG PH P EDP 50 ML IV | F35: P_US_ULTA | G35: CurrentWorkingView | H35: Consensus - Final | I35: 166 | J35: 331 | K35: 630.21781 | L35: 20 | M35: 248 | N35: 177 | P35: 687 | Q35: 220 | R35: 55 | S35: 376 | T35: 383
A36: Gucci | B36: Gucci Guilty (00840) | C36: Gucci Guilty PH Eau de Parfum (00005405) | D36: 3614229382112 | E36: GG PH P EDP 50 ML IV | F36: P_US_ULTA | G36: CurrentWorkingView | H36: Supply Cuts
A37: Gucci | B37: Gucci Guilty (00840) | C37: Gucci Guilty PH Eau de Parfum (00005405) | D37: 3614229382112 | E37: GG PH P EDP 50 ML IV | F37: P_US_ULTA | G37: Month-2026.M09.W38 | H37: Consensus - Final LY M | I37: 172 | J37: 751 | K37: 618 | L37: 79 | M37: 635 | N37: 652 | P37: 475 | Q37: 230 | R37: 186 | S37: 691 | T37: 249
A38: Gucci | B38: Gucci Guilty (00840) | C38: Gucci Guilty PH Eau de Parfum (00005405) | D38: 3614229382112 | E38: GG PH P EDP 50 ML IV | F38: P_US_ULTA | G38: Month-2026.M09.W38 | H38: System FC - Final | I38: 166 | J38: 331 | K38: 433 | L38: 16 | M38: 446 | N38: 522 | O38: 421 | P38: 544 | Q38: 509 | R38: 412 | S38: 323 | T38: 320
A39: Gucci | B39: Gucci Guilty (00840) | C39: Gucci Guilty PH Eau de Parfum (00005405) | D39: 3614229382112 | E39: GG PH P EDP 50 ML IV | F39: P_US_ULTA | G39: Month-2026.M09.W38 | H39: EPOS | I39: 248
A40: Gucci | B40: Gucci Guilty (00840) | C40: Gucci Guilty PH Eau de Parfum (00005405) | D40: 3614229382112 | E40: GG PH P EDP 50 ML IV | F40: P_US_ULTA | G40: Month-2026.M09.W38 | H40: Reasonability Adjustment | J40: -208 | K40: 235 | L40: 20 | O40: -217 | P40: -165 | Q40: -267 | T40: -157
A41: Gucci | B41: Gucci Guilty (00840) | C41: Gucci Guilty PH Eau de Parfum (00005405) | D41: 3614229382112 | E41: GG PH P EDP 50 ML IV | F41: P_US_ULTA | G41: Month-2026.M09.W38 | H41: Total Demand Assumption
A42: Gucci | B42: Gucci Guilty (00840) | C42: Gucci Guilty PH Eau de Parfum (00005405) | D42: 3614229382112 | E42: GG PH P EDP 50 ML IV | F42: P_US_ULTA | G42: Month-2026.M09.W38 | H42: Consensus - Final | I42: 166 | J42: 331 | K42: 630.21781 | L42: 36 | M42: 446 | N42: 522 | O42: 204 | P42: 379 | Q42: 242 | R42: 412 | S42: 323 | T42: 163
A43: Gucci | B43: Gucci Guilty (00840) | C43: Gucci Guilty PH Eau de Parfum (00005405) | D43: 3614229382112 | E43: GG PH P EDP 50 ML IV | F43: P_US_ULTA | G43: Month-2026.M09.W38 | H43: Supply Cuts
A44: Gucci | B44: Gucci Guilty (00840) | C44: Gucci Guilty PH Eau de Parfum (00005405) | D44: 3614229382129 | E44: GG PH P EDP 90 ML IV | F44: P_US_ALL_OTHERS | G44: CurrentWorkingView | H44: Consensus - Final LY M | I44: 3307 | J44: 3919 | K44: 4150 | L44: 6133 | M44: 2309 | N44: 4884 | O44: 1119 | P44: 1099 | Q44: 2942 | R44: 2438 | S44: 2143 | T44: 1962
A45: Gucci | B45: Gucci Guilty (00840) | C45: Gucci Guilty PH Eau de Parfum (00005405) | D45: 3614229382129 | E45: GG PH P EDP 90 ML IV | F45: P_US_ALL_OTHERS | G45: CurrentWorkingView | H45: System FC - Final | I45: 3672 | J45: 2128 | K45: 1932 | L45: 3455 | M45: 1723 | N45: 2914 | O45: 1063 | P45: 1044 | Q45: 992 | R45: 1325 | S45: 2825 | T45: 2250
A46: Gucci | B46: Gucci Guilty (00840) | C46: Gucci Guilty PH Eau de Parfum (00005405) | D46: 3614229382129 | E46: GG PH P EDP 90 ML IV | F46: P_US_ALL_OTHERS | G46: CurrentWorkingView | H46: EPOS | I46: 1917
A47: Gucci | B47: Gucci Guilty (00840) | C47: Gucci Guilty PH Eau de Parfum (00005405) | D47: 3614229382129 | E47: GG PH P EDP 90 ML IV | F47: P_US_ALL_OTHERS | G47: CurrentWorkingView | H47: Reasonability Adjustment | I47: -1040 | J47: -1000 | K47: 2123 | M47: -654 | N47: -671 | Q47: -802 | R47: -757 | S47: -852 | T47: -829
A48: Gucci | B48: Gucci Guilty (00840) | C48: Gucci Guilty PH Eau de Parfum (00005405) | D48: 3614229382129 | E48: GG PH P EDP 90 ML IV | F48: P_US_ALL_OTHERS | G48: CurrentWorkingView | H48: Total Demand Assumption | I48: -29 | J48: -37 | K48: -59 | L48: -41 | M48: -30 | N48: -24
A49: Gucci | B49: Gucci Guilty (00840) | C49: Gucci Guilty PH Eau de Parfum (00005405) | D49: 3614229382129 | E49: GG PH P EDP 90 ML IV | F49: P_US_ALL_OTHERS | G49: CurrentWorkingView | H49: Consensus - Final | I49: 3672 | J49: 2128 | K49: 3336.0093 | L49: 3414 | M49: 1066 | N49: 2219 | O49: 1063 | P49: 1044 | Q49: 190 | R49: 568 | S49: 1973 | T49: 1421
A50: Gucci | B50: Gucci Guilty (00840) | C50: Gucci Guilty PH Eau de Parfum (00005405) | D50: 3614229382129 | E50: GG PH P EDP 90 ML IV | F50: P_US_ALL_OTHERS | G50: CurrentWorkingView | H50: Supply Cuts
A51: Gucci | B51: Gucci Guilty (00840) | C51: Gucci Guilty PH Eau de Parfum (00005405) | D51: 3614229382129 | E51: GG PH P EDP 90 ML IV | F51: P_US_ALL_OTHERS | G51: Month-2026.M09.W38 | H51: Consensus - Final LY M | I51: 3307 | J51: 3919 | K51: 4150 | L51: 6133 | M51: 2309 | N51: 4884 | O51: 1119 | P51: 1099 | Q51: 2942 | R51: 2438 | S51: 2143 | T51: 1962
A52: Gucci | B52: Gucci Guilty (00840) | C52: Gucci Guilty PH Eau de Parfum (00005405) | D52: 3614229382129 | E52: GG PH P EDP 90 ML IV | F52: P_US_ALL_OTHERS | G52: Month-2026.M09.W38 | H52: System FC - Final | I52: 3672 | J52: 2128 | K52: 2237 | L52: 3573 | M52: 2352 | N52: 2528 | O52: 1736 | P52: 1400 | Q52: 2498 | R52: 2122 | S52: 3042 | T52: 2503
A53: Gucci | B53: Gucci Guilty (00840) | C53: Gucci Guilty PH Eau de Parfum (00005405) | D53: 3614229382129 | E53: GG PH P EDP 90 ML IV | F53: P_US_ALL_OTHERS | G53: Month-2026.M09.W38 | H53: EPOS | I53: 1917
A54: Gucci | B54: Gucci Guilty (00840) | C54: Gucci Guilty PH Eau de Parfum (00005405) | D54: 3614229382129 | E54: GG PH P EDP 90 ML IV | F54: P_US_ALL_OTHERS | G54: Month-2026.M09.W38 | H54: Reasonability Adjustment | I54: -1040 | J54: -1000 | K54: 2123 | M54: -654 | N54: -671 | Q54: -802 | R54: -757 | S54: -852 | T54: -829
A55: Gucci | B55: Gucci Guilty (00840) | C55: Gucci Guilty PH Eau de Parfum (00005405) | D55: 3614229382129 | E55: GG PH P EDP 90 ML IV | F55: P_US_ALL_OTHERS | G55: Month-2026.M09.W38 | H55: Total Demand Assumption | I55: -29 | J55: -37 | K55: -59 | L55: -41 | M55: -30 | N55: -24
A56: Gucci | B56: Gucci Guilty (00840) | C56: Gucci Guilty PH Eau de Parfum (00005405) | D56: 3614229382129 | E56: GG PH P EDP 90 ML IV | F56: P_US_ALL_OTHERS | G56: Month-2026.M09.W38 | H56: Consensus - Final | I56: 3672 | J56: 2128 | K56: 3336.0093 | L56: 3532 | M56: 1668 | N56: 1833 | O56: 1736 | P56: 1400 | Q56: 1696 | R56: 1365 | S56: 2190 | T56: 1674
A57: Gucci | B57: Gucci Guilty (00840) | C57: Gucci Guilty PH Eau de Parfum (00005405) | D57: 3614229382129 | E57: GG PH P EDP 90 ML IV | F57: P_US_ALL_OTHERS | G57: Month-2026.M09.W38 | H57: Supply Cuts
A58: Gucci | B58: Gucci Guilty (00840) | C58: Gucci Guilty PH Eau de Parfum (00005405) | D58: 3614229382129 | E58: GG PH P EDP 90 ML IV | F58: P_US_FG | G58: CurrentWorkingView | H58: Consensus - Final LY M | I58: 1 | J58: 515 | M58: 80 | R58: 345 | T58: 39
A59: Gucci | B59: Gucci Guilty (00840) | C59: Gucci Guilty PH Eau de Parfum (00005405) | D59: 3614229382129 | E59: GG PH P EDP 90 ML IV | F59: P_US_FG | G59: CurrentWorkingView | H59: System FC - Final | J59: 6 | K59: 147 | L59: 23 | M59: 27 | N59: 27 | O59: 26 | P59: 24 | Q59: 22 | R59: 22 | S59: 23 | T59: 20
A60: Gucci | B60: Gucci Guilty (00840) | C60: Gucci Guilty PH Eau de Parfum (00005405) | D60: 3614229382129 | E60: GG PH P EDP 90 ML IV | F60: P_US_FG | G60: CurrentWorkingView | H60: EPOS
A61: Gucci | B61: Gucci Guilty (00840) | C61: Gucci Guilty PH Eau de Parfum (00005405) | D61: 3614229382129 | E61: GG PH P EDP 90 ML IV | F61: P_US_FG | G61: CurrentWorkingView | H61: Reasonability Adjustment | K61: 21 | N61: 20
A62: Gucci | B62: Gucci Guilty (00840) | C62: Gucci Guilty PH Eau de Parfum (00005405) | D62: 3614229382129 | E62: GG PH P EDP 90 ML IV | F62: P_US_FG | G62: CurrentWorkingView | H62: Total Demand Assumption
A63: Gucci | B63: Gucci Guilty (00840) | C63: Gucci Guilty PH Eau de Parfum (00005405) | D63: 3614229382129 | E63: GG PH P EDP 90 ML IV | F63: P_US_FG | G63: CurrentWorkingView | H63: Consensus - Final | J63: 6 | K63: 132 | N63: 20
A64: Gucci | B64: Gucci Guilty (00840) | C64: Gucci Guilty PH Eau de Parfum (00005405) | D64: 3614229382129 | E64: GG PH P EDP 90 ML IV | F64: P_US_FG | G64: CurrentWorkingView | H64: Supply Cuts
A65: Gucci | B65: Gucci Guilty (00840) | C65: Gucci Guilty PH Eau de Parfum (00005405) | D65: 3614229382129 | E65: GG PH P EDP 90 ML IV | F65: P_US_FG | G65: Month-2026.M09.W38 | H65: Consensus - Final LY M | I65: 1 | J65: 515 | M65: 80 | R65: 345 | T65: 39
A66: Gucci | B66: Gucci Guilty (00840) | C66: Gucci Guilty PH Eau de Parfum (00005405) | D66: 3614229382129 | E66: GG PH P EDP 90 ML IV | F66: P_US_FG | G66: Month-2026.M09.W38 | H66: System FC - Final | J66: 6 | K66: 33 | L66: 27 | M66: 26 | N66: 26 | O66: 27 | P66: 28 | Q66: 27 | R66: 27 | S66: 27 | T66: 23
A67: Gucci | B67: Gucci Guilty (00840) | C67: Gucci Guilty PH Eau de Parfum (00005405) | D67: 3614229382129 | E67: GG PH P EDP 90 ML IV | F67: P_US_FG | G67: Month-2026.M09.W38 | H67: EPOS
A68: Gucci | B68: Gucci Guilty (00840) | C68: Gucci Guilty PH Eau de Parfum (00005405) | D68: 3614229382129 | E68: GG PH P EDP 90 ML IV | F68: P_US_FG | G68: Month-2026.M09.W38 | H68: Reasonability Adjustment | K68: 21 | N68: 20
A69: Gucci | B69: Gucci Guilty (00840) | C69: Gucci Guilty PH Eau de Parfum (00005405) | D69: 3614229382129 | E69: GG PH P EDP 90 ML IV | F69: P_US_FG | G69: Month-2026.M09.W38 | H69: Total Demand Assumption
A70: Gucci | B70: Gucci Guilty (00840) | C70: Gucci Guilty PH Eau de Parfum (00005405) | D70: 3614229382129 | E70: GG PH P EDP 90 ML IV | F70: P_US_FG | G70: Month-2026.M09.W38 | H70: Consensus - Final | J70: 6 | K70: 21 | N70: 20
A71: Gucci | B71: Gucci Guilty (00840) | C71: Gucci Guilty PH Eau de Parfum (00005405) | D71: 3614229382129 | E71: GG PH P EDP 90 ML IV | F71: P_US_FG | G71: Month-2026.M09.W38 | H71: Supply Cuts
A72: Gucci | B72: Gucci Guilty (00840) | C72: Gucci Guilty PH Eau de Parfum (00005405) | D72: 3614229382129 | E72: GG PH P EDP 90 ML IV | F72: P_US_ULTA | G72: CurrentWorkingView | H72: Consensus - Final LY M | I72: 21 | J72: 1803 | K72: 3477 | L72: 1202 | M72: 1988 | N72: 1729 | O72: 1822 | P72: 708 | Q72: 1322 | R72: 417 | S72: 3109 | T72: 54
A73: Gucci | B73: Gucci Guilty (00840) | C73: Gucci Guilty PH Eau de Parfum (00005405) | D73: 3614229382129 | E73: GG PH P EDP 90 ML IV | F73: P_US_ULTA | G73: CurrentWorkingView | H73: System FC - Final | I73: 471 | J73: 608 | K73: 1177 | L73: 1180 | M73: 1177 | N73: 1173 | O73: 1174 | P73: 1172 | Q73: 1174 | R73: 1174 | S73: 1174 | T73: 1057
A74: Gucci | B74: Gucci Guilty (00840) | C74: Gucci Guilty PH Eau de Parfum (00005405) | D74: 3614229382129 | E74: GG PH P EDP 90 ML IV | F74: P_US_ULTA | G74: CurrentWorkingView | H74: EPOS | I74: 762
A75: Gucci | B75: Gucci Guilty (00840) | C75: Gucci Guilty PH Eau de Parfum (00005405) | D75: 3614229382129 | E75: GG PH P EDP 90 ML IV | F75: P_US_ULTA | G75: CurrentWorkingView | H75: Reasonability Adjustment | I75: -360 | J75: -216 | K75: 856 | M75: -346 | N75: -329 | Q75: -398 | R75: -443 | S75: -348 | T75: -371
A76: Gucci | B76: Gucci Guilty (00840) | C76: Gucci Guilty PH Eau de Parfum (00005405) | D76: 3614229382129 | E76: GG PH P EDP 90 ML IV | F76: P_US_ULTA | G76: CurrentWorkingView | H76: Total Demand Assumption
A77: Gucci | B77: Gucci Guilty (00840) | C77: Gucci Guilty PH Eau de Parfum (00005405) | D77: 3614229382129 | E77: GG PH P EDP 90 ML IV | F77: P_US_ULTA | G77: CurrentWorkingView | H77: Consensus - Final | I77: 471 | J77: 608 | K77: 1264.9907 | L77: 1180 | M77: 843 | N77: 844 | O77: 1174 | P77: 1172 | Q77: 776 | R77: 731 | S77: 826 | T77: 686
A78: Gucci | B78: Gucci Guilty (00840) | C78: Gucci Guilty PH Eau de Parfum (00005405) | D78: 3614229382129 | E78: GG PH P EDP 90 ML IV | F78: P_US_ULTA | G78: CurrentWorkingView | H78: Supply Cuts
A79: Gucci | B79: Gucci Guilty (00840) | C79: Gucci Guilty PH Eau de Parfum (00005405) | D79: 3614229382129 | E79: GG PH P EDP 90 ML IV | F79: P_US_ULTA | G79: Month-2026.M09.W38 | H79: Consensus - Final LY M | I79: 21 | J79: 1803 | K79: 3477 | L79: 1202 | M79: 1988 | N79: 1729 | O79: 1822 | P79: 708 | Q79: 1322 | R79: 417 | S79: 3109 | T79: 54
A80: Gucci | B80: Gucci Guilty (00840) | C80: Gucci Guilty PH Eau de Parfum (00005405) | D80: 3614229382129 | E80: GG PH P EDP 90 ML IV | F80: P_US_ULTA | G80: Month-2026.M09.W38 | H80: System FC - Final | I80: 471 | J80: 608 | K80: 747 | L80: 1244 | M80: 1242 | N80: 1242 | O80: 1240 | P80: 1244 | Q80: 1240 | R80: 1243 | S80: 1240 | T80: 1119
A81: Gucci | B81: Gucci Guilty (00840) | C81: Gucci Guilty PH Eau de Parfum (00005405) | D81: 3614229382129 | E81: GG PH P EDP 90 ML IV | F81: P_US_ULTA | G81: Month-2026.M09.W38 | H81: EPOS | I81: 762
A82: Gucci | B82: Gucci Guilty (00840) | C82: Gucci Guilty PH Eau de Parfum (00005405) | D82: 3614229382129 | E82: GG PH P EDP 90 ML IV | F82: P_US_ULTA | G82: Month-2026.M09.W38 | H82: Reasonability Adjustment | I82: -360 | J82: -216 | K82: 856 | M82: -346 | N82: -329 | Q82: -398 | R82: -443 | S82: -348 | T82: -371
A83: Gucci | B83: Gucci Guilty (00840) | C83: Gucci Guilty PH Eau de Parfum (00005405) | D83: 3614229382129 | E83: GG PH P EDP 90 ML IV | F83: P_US_ULTA | G83: Month-2026.M09.W38 | H83: Total Demand Assumption
A84: Gucci | B84: Gucci Guilty (00840) | C84: Gucci Guilty PH Eau de Parfum (00005405) | D84: 3614229382129 | E84: GG PH P EDP 90 ML IV | F84: P_US_ULTA | G84: Month-2026.M09.W38 | H84: Consensus - Final | I84: 471 | J84: 608 | K84: 1264.9907 | L84: 1244 | M84: 896 | N84: 913 | O84: 1240 | P84: 1244 | Q84: 842 | R84: 800 | S84: 892 | T84: 748
A85: Gucci | B85: Gucci Guilty (00840) | C85: Gucci Guilty PH Eau de Parfum (00005405) | D85: 3614229382129 | E85: GG PH P EDP 90 ML IV | F85: P_US_ULTA | G85: Month-2026.M09.W38 | H85: Supply Cuts
A86: Gucci | B86: Gucci Guilty (00840) | C86: Gucci Guilty PF NEW 22 (00006018) | D86: 3616301794639 | E86: GG PF EDP 90 ML INTENSE IV | F86: P_US_ALL_OTHERS | G86: CurrentWorkingView | H86: Consensus - Final LY M | I86: 1147 | K86: 358 | L86: 1080 | M86: 887 | N86: 731 | O86: 146 | P86: 72 | Q86: 72 | R86: 45 | S86: 61 | T86: 47
A87: Gucci | B87: Gucci Guilty (00840) | C87: Gucci Guilty PF NEW 22 (00006018) | D87: 3616301794639 | E87: GG PF EDP 90 ML INTENSE IV | F87: P_US_ALL_OTHERS | G87: CurrentWorkingView | H87: System FC - Final | I87: 53 | J87: 90 | K87: 112 | L87: 612 | M87: 76 | N87: 76 | O87: 75 | P87: 468 | Q87: 208 | R87: 77 | S87: 75 | T87: 70
A88: Gucci | B88: Gucci Guilty (00840) | C88: Gucci Guilty PF NEW 22 (00006018) | D88: 3616301794639 | E88: GG PF EDP 90 ML INTENSE IV | F88: P_US_ALL_OTHERS | G88: CurrentWorkingView | H88: EPOS | I88: 83
A89: Gucci | B89: Gucci Guilty (00840) | C89: Gucci Guilty PF NEW 22 (00006018) | D89: 3616301794639 | E89: GG PF EDP 90 ML INTENSE IV | F89: P_US_ALL_OTHERS | G89: CurrentWorkingView | H89: Reasonability Adjustment
A90: Gucci | B90: Gucci Guilty (00840) | C90: Gucci Guilty PF NEW 22 (00006018) | D90: 3616301794639 | E90: GG PF EDP 90 ML INTENSE IV | F90: P_US_ALL_OTHERS | G90: CurrentWorkingView | H90: Total Demand Assumption | I90: -22 | J90: -10 | K90: -12 | L90: -29 | M90: -27 | N90: -15
A91: Gucci | B91: Gucci Guilty (00840) | C91: Gucci Guilty PF NEW 22 (00006018) | D91: 3616301794639 | E91: GG PF EDP 90 ML INTENSE IV | F91: P_US_ALL_OTHERS | G91: CurrentWorkingView | H91: Consensus - Final | I91: 53 | J91: 90 | K91: 133.77487 | L91: 583 | M91: 53 | N91: 61 | O91: 75 | P91: 468 | Q91: 208 | R91: 77 | S91: 75 | T91: 70
A92: Gucci | B92: Gucci Guilty (00840) | C92: Gucci Guilty PF NEW 22 (00006018) | D92: 3616301794639 | E92: GG PF EDP 90 ML INTENSE IV | F92: P_US_ALL_OTHERS | G92: CurrentWorkingView | H92: Supply Cuts
A93: Gucci | B93: Gucci Guilty (00840) | C93: Gucci Guilty PF NEW 22 (00006018) | D93: 3616301794639 | E93: GG PF EDP 90 ML INTENSE IV | F93: P_US_ALL_OTHERS | G93: Month-2026.M09.W38 | H93: Consensus - Final LY M | I93: 1147 | K93: 358 | L93: 1080 | M93: 887 | N93: 731 | O93: 146 | P93: 72 | Q93: 72 | R93: 45 | S93: 61 | T93: 47
A94: Gucci | B94: Gucci Guilty (00840) | C94: Gucci Guilty PF NEW 22 (00006018) | D94: 3616301794639 | E94: GG PF EDP 90 ML INTENSE IV | F94: P_US_ALL_OTHERS | G94: Month-2026.M09.W38 | H94: System FC - Final | I94: 53 | J94: 90 | K94: 143 | L94: 465 | M94: 270 | N94: 133 | O94: 293 | P94: 396 | Q94: 107 | R94: 257 | S94: 248 | T94: 127
A95: Gucci | B95: Gucci Guilty (00840) | C95: Gucci Guilty PF NEW 22 (00006018) | D95: 3616301794639 | E95: GG PF EDP 90 ML INTENSE IV | F95: P_US_ALL_OTHERS | G95: Month-2026.M09.W38 | H95: EPOS | I95: 83
A96: Gucci | B96: Gucci Guilty (00840) | C96: Gucci Guilty PF NEW 22 (00006018) | D96: 3616301794639 | E96: GG PF EDP 90 ML INTENSE IV | F96: P_US_ALL_OTHERS | G96: Month-2026.M09.W38 | H96: Reasonability Adjustment
A97: Gucci | B97: Gucci Guilty (00840) | C97: Gucci Guilty PF NEW 22 (00006018) | D97: 3616301794639 | E97: GG PF EDP 90 ML INTENSE IV | F97: P_US_ALL_OTHERS | G97: Month-2026.M09.W38 | H97: Total Demand Assumption | I97: -22 | J97: -10 | K97: -12 | L97: -29 | M97: -27 | N97: -15
A98: Gucci | B98: Gucci Guilty (00840) | C98: Gucci Guilty PF NEW 22 (00006018) | D98: 3616301794639 | E98: GG PF EDP 90 ML INTENSE IV | F98: P_US_ALL_OTHERS | G98: Month-2026.M09.W38 | H98: Consensus - Final | I98: 53 | J98: 90 | K98: 133.77487 | L98: 436 | M98: 243 | N98: 118 | O98: 293 | P98: 396 | Q98: 107 | R98: 257 | S98: 248 | T98: 127
A99: Gucci | B99: Gucci Guilty (00840) | C99: Gucci Guilty PF NEW 22 (00006018) | D99: 3616301794639 | E99: GG PF EDP 90 ML INTENSE IV | F99: P_US_ALL_OTHERS | G99: Month-2026.M09.W38 | H99: Supply Cuts
A100: Gucci | B100: Gucci Guilty (00840) | C100: Gucci Guilty PF NEW 22 (00006018) | D100: 3616301794639 | E100: GG PF EDP 90 ML INTENSE IV | F100: P_US_FG | G100: CurrentWorkingView | H100: Consensus - Final LY M | K100: 1 | M100: 1 | P100: 10 | R100: 2
...

Sheet BESTFIT
A1: Version Name | B1: ST Stat Item | C1: ST Stat Account | D1: Data | E1: 2026.M07 | F1: 2026.M08 | G1: 2026.M09 | H1: 2026.M10 | I1: 2026.M11 | J1: 2026.M12 | K1: 2027.M01 | L1: 2027.M02 | M1: 2027.M03 | N1: 2027.M04 | O1: 2027.M05 | P1: 2027.M06
A2: CurrentWorkingView | B2: 3614229382112 | C2: P_US_ALL_OTHERS | D2: System FC - Final | E2: 2386 | F2: 617 | G2: 805 | H2: 2610 | I2: 922 | J2: 673 | K2: 695 | L2: 1392 | M2: 1280 | N2: 758 | O2: 1315 | P2: 716
A3: CurrentWorkingView | B3: 3614229382112 | C3: P_US_ALL_OTHERS | D3: CML Fcst | H3: 1696 | I3: 536 | J3: 1435 | K3: 846 | L3: 1296 | M3: 1408 | N3: 1633 | O3: 1116 | P3: 2130
A4: CurrentWorkingView | B4: 3614229382112 | C4: P_US_ALL_OTHERS | D4: ST Stat Fcst | E4: 2386 | F4: 617 | G4: 660 | H4: 2609 | I4: 922 | J4: 673 | K4: 695 | L4: 1392 | M4: 1280 | N4: 758 | O4: 1315 | P4: 716
A5: CurrentWorkingView | B5: 3614229382112 | C5: P_US_ALL_OTHERS | D5: LT Stat Fcst | H5: 2051 | I5: 2048 | J5: 2042 | K5: 2045 | L5: 2044 | M5: 2041 | N5: 2041 | O5: 2041 | P5: 1836
A6: CurrentWorkingView | B6: 3614229382112 | C6: P_US_ALL_OTHERS | D6: System BestFit Final | E6: ST | F6: ST | G6: ST | H6: ST | I6: ST | J6: ST | K6: ST | L6: ST | M6: ST | N6: ST | O6: ST | P6: ST
A7: CurrentWorkingView | B7: 3614229382112 | C7: P_US_ALL_OTHERS | D7: System Bestfit Model ST | E7: ST | F7: ST | G7: ST | H7: ST | I7: ST | J7: ST | K7: ST | L7: ST | M7: ST | N7: ST | O7: ST | P7: ST
A8: CurrentWorkingView | B8: 3614229382112 | C8: P_US_ALL_OTHERS | D8: Planner BestFit Model | E8: ST | F8: ST | G8: ST | H8: ST | I8: ST | J8: ST | K8: ST | L8: ST | M8: ST | N8: ST | O8: ST | P8: ST
A9: CurrentWorkingView | B9: 3614229382112 | C9: P_US_ULTA | D9: System FC - Final | E9: 166 | F9: 331 | G9: 521 | H9: 0 | I9: 248 | J9: 177 | K9: 40 | L9: 852 | M9: 487 | N9: 55 | O9: 376 | P9: 540
A10: CurrentWorkingView | B10: 3614229382112 | C10: P_US_ULTA | D10: CML Fcst | H10: 398 | I10: 754 | J10: 700 | K10: 288 | L10: 532 | M10: 328 | N10: 223 | O10: 523 | P10: 253
A11: CurrentWorkingView | B11: 3614229382112 | C11: P_US_ULTA | D11: ST Stat Fcst | E11: 166 | F11: 331 | G11: 428 | H11: 0 | I11: 248 | J11: 177 | K11: 40 | L11: 852 | M11: 487 | N11: 55 | O11: 376 | P11: 540
A12: CurrentWorkingView | B12: 3614229382112 | C12: P_US_ULTA | D12: LT Stat Fcst | H12: 288 | I12: 288 | J12: 292 | K12: 288 | L12: 288 | M12: 288 | N12: 288 | O12: 288 | P12: 259
A13: CurrentWorkingView | B13: 3614229382112 | C13: P_US_ULTA | D13: System BestFit Final | E13: ST | F13: ST | G13: ST | H13: ST | I13: ST | J13: ST | K13: ST | L13: ST | M13: ST | N13: ST | O13: ST | P13: ST
A14: CurrentWorkingView | B14: 3614229382112 | C14: P_US_ULTA | D14: System Bestfit Model ST | E14: ST | F14: ST | G14: ST | H14: ST | I14: ST | J14: ST | K14: ST | L14: ST | M14: ST | N14: ST | O14: ST | P14: ST
A15: CurrentWorkingView | B15: 3614229382112 | C15: P_US_ULTA | D15: Planner BestFit Model | E15: ST | F15: ST | G15: ST | H15: ST | I15: ST | J15: ST | K15: ST | L15: ST | M15: ST | N15: ST | O15: ST | P15: ST
A16: CurrentWorkingView | B16: 3614229382129 | C16: P_US_ALL_OTHERS | D16: System FC - Final | E16: 3672 | F16: 2128 | G16: 1932 | H16: 3455 | I16: 1723 | J16: 2914 | K16: 1063 | L16: 1044 | M16: 992 | N16: 1325 | O16: 2825 | P16: 2250
A17: CurrentWorkingView | B17: 3614229382129 | C17: P_US_ALL_OTHERS | D17: CML Fcst | H17: 4162 | I17: 2202 | J17: 2768 | K17: 1298 | L17: 1108 | M17: 2458 | N17: 1783 | O17: 1949 | P17: 1590
A18: CurrentWorkingView | B18: 3614229382129 | C18: P_US_ALL_OTHERS | D18: ST Stat Fcst | E18: 3672 | F18: 2128 | G18: 1932 | H18: 3455 | I18: 1722 | J18: 2914 | K18: 1063 | L18: 1044 | M18: 992 | N18: 1325 | O18: 2825 | P18: 2250
A19: CurrentWorkingView | B19: 3614229382129 | C19: P_US_ALL_OTHERS | D19: LT Stat Fcst | H19: 2790 | I19: 2782 | J19: 2777 | K19: 2777 | L19: 2776 | M19: 2777 | N19: 2777 | O19: 2776 | P19: 2499
A20: CurrentWorkingView | B20: 3614229382129 | C20: P_US_ALL_OTHERS | D20: System BestFit Final | E20: ST | F20: ST | G20: ST | H20: ST | I20: ST | J20: ST | K20: ST | L20: ST | M20: ST | N20: ST | O20: ST | P20: ST
A21: CurrentWorkingView | B21: 3614229382129 | C21: P_US_ALL_OTHERS | D21: System Bestfit Model ST | E21: ST | F21: ST | G21: ST | H21: ST | I21: ST | J21: ST | K21: ST | L21: ST | M21: ST | N21: ST | O21: ST | P21: ST
A22: CurrentWorkingView | B22: 3614229382129 | C22: P_US_ALL_OTHERS | D22: Planner BestFit Model | E22: ST | F22: ST | G22: ST | H22: ST | I22: ST | J22: ST | K22: ST | L22: ST | M22: ST | N22: ST | O22: ST | P22: ST
A23: CurrentWorkingView | B23: 3614229382129 | C23: P_US_ULTA | D23: System FC - Final | E23: 471 | F23: 608 | G23: 1177 | H23: 1180 | I23: 1177 | J23: 1173 | K23: 1174 | L23: 1172 | M23: 1174 | N23: 1174 | O23: 1174 | P23: 1057
A24: CurrentWorkingView | B24: 3614229382129 | C24: P_US_ULTA | D24: CML Fcst | H24: 832 | I24: 1380 | J24: 1821 | K24: 819 | L24: 580 | M24: 899 | N24: 403 | O24: 917 | P24: 334
A25: CurrentWorkingView | B25: 3614229382129 | C25: P_US_ULTA | D25: ST Stat Fcst | E25: 471 | F25: 608 | G25: 1790 | H25: 558 | I25: 1474 | J25: 1661 | K25: 731 | L25: 1344 | M25: 1789 | N25: 608 | O25: 2507 | P25: 703
A26: CurrentWorkingView | B26: 3614229382129 | C26: P_US_ULTA | D26: LT Stat Fcst | H26: 1181 | I26: 1178 | J26: 1173 | K26: 1174 | L26: 1172 | M26: 1174 | N26: 1174 | O26: 1174 | P26: 1057
A27: CurrentWorkingView | B27: 3614229382129 | C27: P_US_ULTA | D27: System BestFit Final | E27: LT | F27: LT | G27: LT | H27: LT | I27: LT | J27: LT | K27: LT | L27: LT | M27: LT | N27: LT | O27: LT | P27: LT
A28: CurrentWorkingView | B28: 3614229382129 | C28: P_US_ULTA | D28: System Bestfit Model ST
A29: CurrentWorkingView | B29: 3614229382129 | C29: P_US_ULTA | D29: Planner BestFit Model | E29: LT | F29: LT | G29: LT | H29: LT | I29: LT | J29: LT | K29: LT | L29: LT | M29: LT | N29: LT | O29: LT | P29: LT
A30: CurrentWorkingView | B30: 3616301794639 | C30: P_US_ALL_OTHERS | D30: System FC - Final | E30: 53 | F30: 90 | G30: 112 | H30: 612 | I30: 76 | J30: 76 | K30: 75 | L30: 468 | M30: 208 | N30: 77 | O30: 75 | P30: 70
A31: CurrentWorkingView | B31: 3616301794639 | C31: P_US_ALL_OTHERS | D31: CML Fcst | H31: 594 | I31: 420 | J31: 394 | K31: 151 | L31: 152 | M31: 159 | N31: 142 | O31: 128 | P31: 94
A32: CurrentWorkingView | B32: 3616301794639 | C32: P_US_ALL_OTHERS | D32: ST Stat Fcst | E32: 53 | F32: 90 | G32: 362 | H32: 1307 | I32: 960 | J32: 753 | K32: 385 | L32: 812 | M32: 332 | N32: 540 | O32: 376 | P32: 382
A33: CurrentWorkingView | B33: 3616301794639 | C33: P_US_ALL_OTHERS | D33: LT Stat Fcst | H33: 612 | I33: 76 | J33: 76 | K33: 75 | L33: 468 | M33: 208 | N33: 77 | O33: 75 | P33: 70
A34: CurrentWorkingView | B34: 3616301794639 | C34: P_US_ALL_OTHERS | D34: System BestFit Final | E34: LT | F34: LT | G34: LT | H34: LT | I34: LT | J34: LT | K34: LT | L34: LT | M34: LT | N34: LT | O34: LT | P34: LT
A35: CurrentWorkingView | B35: 3616301794639 | C35: P_US_ALL_OTHERS | D35: System Bestfit Model ST
A36: CurrentWorkingView | B36: 3616301794639 | C36: P_US_ALL_OTHERS | D36: Planner BestFit Model | E36: LT | F36: LT | G36: LT | H36: LT | I36: LT | J36: LT | K36: LT | L36: LT | M36: LT | N36: LT | O36: LT | P36: LT
A37: CurrentWorkingView | B37: 3616301794639 | C37: P_US_ULTA | D37: System FC - Final | E37: 89 | F37: 98 | G37: 100 | H37: 270 | I37: 34 | J37: 35 | K37: 35 | L37: 212 | M37: 93 | N37: 34 | O37: 36 | P37: 31
A38: CurrentWorkingView | B38: 3616301794639 | C38: P_US_ULTA | D38: CML Fcst | H38: 457 | I38: 138 | J38: 151 | K38: 120 | L38: 120 | M38: 208 | N38: 77 | O38: 248 | P38: 72
A39: CurrentWorkingView | B39: 3616301794639 | C39: P_US_ULTA | D39: ST Stat Fcst | E39: 89 | F39: 98 | G39: 145 | H39: 239 | I39: 176 | J39: 164 | K39: 177 | L39: 196 | M39: 190 | N39: 180 | O39: 182 | P39: 185
A40: CurrentWorkingView | B40: 3616301794639 | C40: P_US_ULTA | D40: LT Stat Fcst | H40: 271 | I40: 34 | J40: 35 | K40: 35 | L40: 212 | M40: 93 | N40: 34 | O40: 36 | P40: 31
A41: CurrentWorkingView | B41: 3616301794639 | C41: P_US_ULTA | D41: System BestFit Final | E41: LT | F41: LT | G41: LT | H41: LT | I41: LT | J41: LT | K41: LT | L41: LT | M41: LT | N41: LT | O41: LT | P41: LT
A42: CurrentWorkingView | B42: 3616301794639 | C42: P_US_ULTA | D42: System Bestfit Model ST
A43: CurrentWorkingView | B43: 3616301794639 | C43: P_US_ULTA | D43: Planner BestFit Model | E43: LT | F43: LT | G43: LT | H43: LT | I43: LT | J43: LT | K43: LT | L43: LT | M43: LT | N43: LT | O43: LT | P43: LT
A44: CurrentWorkingView | B44: 3616301976141 | C44: P_US_ALL_OTHERS | D44: System FC - Final | E44: 852 | F44: 2271 | G44: 2152 | H44: 1036 | I44: 492 | J44: 1080 | K44: 567 | L44: 1236 | M44: 429 | N44: 634 | O44: 1001 | P44: 746
A45: CurrentWorkingView | B45: 3616301976141 | C45: P_US_ALL_OTHERS | D45: CML Fcst | H45: 1502 | I45: 1080 | J45: 1925 | K45: 753 | L45: 1568 | M45: 1338 | N45: 1011 | O45: 1341 | P45: 1122
A46: CurrentWorkingView | B46: 3616301976141 | C46: P_US_ALL_OTHERS | D46: ST Stat Fcst | E46: 852 | F46: 2271 | G46: 1654 | H46: 1036 | I46: 492 | J46: 1080 | K46: 567 | L46: 1236 | M46: 429 | N46: 634 | O46: 1001 | P46: 746
A47: CurrentWorkingView | B47: 3616301976141 | C47: P_US_ALL_OTHERS | D47: LT Stat Fcst | H47: 903 | I47: 652 | J47: 1338 | K47: 842 | L47: 1120 | M47: 1705 | N47: 472 | O47: 930 | P47: 482
A48: CurrentWorkingView | B48: 3616301976141 | C48: P_US_ALL_OTHERS | D48: System BestFit Final | E48: ST | F48: ST | G48: ST | H48: ST | I48: ST | J48: ST | K48: ST | L48: ST | M48: ST | N48: ST | O48: ST | P48: ST
A49: CurrentWorkingView | B49: 3616301976141 | C49: P_US_ALL_OTHERS | D49: System Bestfit Model ST | E49: ST | F49: ST | G49: ST | H49: ST | I49: ST | J49: ST | K49: ST | L49: ST | M49: ST | N49: ST | O49: ST | P49: ST
A50: CurrentWorkingView | B50: 3616301976141 | C50: P_US_ALL_OTHERS | D50: Planner BestFit Model | E50: ST | F50: ST | G50: ST | H50: ST | I50: ST | J50: ST | K50: ST | L50: ST | M50: ST | N50: ST | O50: ST | P50: ST
A51: CurrentWorkingView | B51: 3616301976141 | C51: P_US_ULTA | D51: System FC - Final | E51: 114 | F51: 231 | G51: 893 | H51: 678 | I51: 638 | J51: 1186 | K51: 456 | L51: 596 | M51: 934 | N51: 415 | O51: 368 | P51: 197
A52: CurrentWorkingView | B52: 3616301976141 | C52: P_US_ULTA | D52: CML Fcst | H52: 169 | I52: 304 | J52: 501 | K52: 642 | L52: 276 | M52: 762 | N52: 227 | O52: 492 | P52: 146
A53: CurrentWorkingView | B53: 3616301976141 | C53: P_US_ULTA | D53: ST Stat Fcst | E53: 114 | F53: 231 | G53: 670 | H53: 678 | I53: 638 | J53: 1186 | K53: 456 | L53: 596 | M53: 934 | N53: 415 | O53: 368 | P53: 197
A54: CurrentWorkingView | B54: 3616301976141 | C54: P_US_ULTA | D54: LT Stat Fcst | H54: 434 | I54: 312 | J54: 642 | K54: 403 | L54: 540 | M54: 820 | N54: 227 | O54: 448 | P54: 235
A55: CurrentWorkingView | B55: 3616301976141 | C55: P_US_ULTA | D55: System BestFit Final | E55: ST | F55: ST | G55: ST | H55: ST | I55: ST | J55: ST | K55: ST | L55: ST | M55: ST | N55: ST | O55: ST | P55: ST
A56: CurrentWorkingView | B56: 3616301976141 | C56: P_US_ULTA | D56: System Bestfit Model ST | E56: ST | F56: ST | G56: ST | H56: ST | I56: ST | J56: ST | K56: ST | L56: ST | M56: ST | N56: ST | O56: ST | P56: ST
A57: CurrentWorkingView | B57: 3616301976141 | C57: P_US_ULTA | D57: Planner BestFit Model | E57: ST | F57: ST | G57: ST | H57: ST | I57: ST | J57: ST | K57: ST | L57: ST | M57: ST | N57: ST | O57: ST | P57: ST
A58: CurrentWorkingView | B58: 3616302033683 | C58: P_US_ALL_OTHERS | D58: System FC - Final | E58: 386 | F58: 624 | G58: 756 | H58: 660 | I58: 578 | J58: 722
A59: CurrentWorkingView | B59: 3616302033683 | C59: P_US_ALL_OTHERS | D59: CML Fcst | H59: 572 | I59: 214 | J59: 372 | K59: 270 | L59: 404 | M59: 788 | N59: 417 | O59: 314 | P59: 300
A60: CurrentWorkingView | B60: 3616302033683 | C60: P_US_ALL_OTHERS | D60: ST Stat Fcst | E60: 386 | F60: 624 | G60: 363 | H60: 403 | I60: 408 | J60: 456 | K60: 0 | L60: 0 | M60: 0 | N60: 0 | O60: 0 | P60: 0
A61: CurrentWorkingView | B61: 3616302033683 | C61: P_US_ALL_OTHERS | D61: LT Stat Fcst | H61: 660 | I61: 578 | J61: 722 | K61: 0 | L61: 0 | M61: 0 | N61: 0 | O61: 0 | P61: 0
A62: CurrentWorkingView | B62: 3616302033683 | C62: P_US_ALL_OTHERS | D62: System BestFit Final | E62: LT | F62: LT | G62: LT | H62: LT | I62: LT | J62: LT | K62: LT | L62: LT | M62: LT | N62: LT | O62: LT | P62: LT
A63: CurrentWorkingView | B63: 3616302033683 | C63: P_US_ALL_OTHERS | D63: System Bestfit Model ST
A64: CurrentWorkingView | B64: 3616302033683 | C64: P_US_ALL_OTHERS | D64: Planner BestFit Model
A65: CurrentWorkingView | B65: 3616302039357 | C65: P_US_ALL_OTHERS | D65: System FC - Final | E65: 10553 | F65: 9998 | G65: 13835 | H65: 8937 | I65: 4032 | J65: 7874 | K65: 3313 | L65: 6292 | M65: 11652 | N65: 5508 | O65: 6458 | P65: 7926
A66: CurrentWorkingView | B66: 3616302039357 | C66: P_US_ALL_OTHERS | D66: CML Fcst | H66: 2818 | I66: 4568 | J66: 8817 | K66: 2303 | L66: 1372 | M66: 5593 | N66: 3502 | O66: 3038 | P66: 6279
A67: CurrentWorkingView | B67: 3616302039357 | C67: P_US_ALL_OTHERS | D67: ST Stat Fcst | E67: 10553 | F67: 9998 | G67: 9118 | H67: 1519 | I67: 1518 | J67: 11630 | K67: 1519 | L67: 1520 | M67: 9623 | N67: 1517 | O67: 8286 | P67: 9035
A68: CurrentWorkingView | B68: 3616302039357 | C68: P_US_ALL_OTHERS | D68: LT Stat Fcst | H68: 8937 | I68: 4032 | J68: 7874 | K68: 3313 | L68: 6292 | M68: 11652 | N68: 5508 | O68: 6458 | P68: 7926
A69: CurrentWorkingView | B69: 3616302039357 | C69: P_US_ALL_OTHERS | D69: System BestFit Final | E69: LT | F69: LT | G69: LT | H69: LT | I69: LT | J69: LT | K69: LT | L69: LT | M69: LT | N69: LT | O69: LT | P69: LT
A70: CurrentWorkingView | B70: 3616302039357 | C70: P_US_ALL_OTHERS | D70: System Bestfit Model ST
A71: CurrentWorkingView | B71: 3616302039357 | C71: P_US_ALL_OTHERS | D71: Planner BestFit Model | E71: LT | F71: LT | G71: LT | H71: LT | I71: LT | J71: LT | K71: LT | L71: LT | M71: LT | N71: LT | O71: LT | P71: LT
A72: CurrentWorkingView | B72: 3616302039357 | C72: P_US_ULTA | D72: System FC - Final | E72: 4215 | F72: 5684 | G72: 8494 | H72: 4640 | I72: 2093 | J72: 4087 | K72: 1719 | L72: 3268 | M72: 6049 | N72: 2859 | O72: 3353 | P72: 4115
A73: CurrentWorkingView | B73: 3616302039357 | C73: P_US_ULTA | D73: CML Fcst | H73: 1360 | I73: 1230 | J73: 1998 | K73: 0 | L73: 1772 | M73: 8135 | N73: 510 | O73: 1081 | P73: 1745
A74: CurrentWorkingView | B74: 3616302039357 | C74: P_US_ULTA | D74: ST Stat Fcst | E74: 4215 | F74: 5684 | G74: 8242 | H74: 9526 | I74: 2156 | J74: 735 | K74: 332 | L74: 4508 | M74: 7095 | N74: 3403 | O74: 2759 | P74: 3977
A75: CurrentWorkingView | B75: 3616302039357 | C75: P_US_ULTA | D75: LT Stat Fcst | H75: 4639 | I75: 2092 | J75: 4087 | K75: 1719 | L75: 3268 | M75: 6049 | N75: 2859 | O75: 3353 | P75: 4115
A76: CurrentWorkingView | B76: 3616302039357 | C76: P_US_ULTA | D76: System BestFit Final | E76: LT | F76: LT | G76: LT | H76: LT | I76: LT | J76: LT | K76: LT | L76: LT | M76: LT | N76: LT | O76: LT | P76: LT
A77: CurrentWorkingView | B77: 3616302039357 | C77: P_US_ULTA | D77: System Bestfit Model ST
A78: CurrentWorkingView | B78: 3616302039357 | C78: P_US_ULTA | D78: Planner BestFit Model | E78: LT | F78: LT | G78: LT | H78: LT | I78: LT | J78: LT | K78: LT | L78: LT | M78: LT | N78: LT | O78: LT | P78: LT
A79: CurrentWorkingView | B79: 3616302039548 | C79: P_US_ALL_OTHERS | D79: System FC - Final | E79: 383 | F79: 626 | G79: 818 | H79: 4945 | I79: 288 | J79: 2590 | K79: 66 | L79: 68 | M79: 115 | N79: 68 | O79: 407 | P79: 68
A80: CurrentWorkingView | B80: 3616302039548 | C80: P_US_ALL_OTHERS | D80: CML Fcst | H80: 677 | I80: 498 | J80: 678 | K80: 598 | L80: 744 | M80: 1045 | N80: 575 | O80: 735 | P80: 609
A81: CurrentWorkingView | B81: 3616302039548 | C81: P_US_ALL_OTHERS | D81: ST Stat Fcst | E81: 383 | F81: 626 | G81: 818 | H81: 4946 | I81: 288 | J81: 2590 | K81: 66 | L81: 68 | M81: 115 | N81: 68 | O81: 407 | P81: 68
A82: CurrentWorkingView | B82: 3616302039548 | C82: P_US_ALL_OTHERS | D82: LT Stat Fcst | H82: 992 | I82: 712 | J82: 1471 | K82: 926 | L82: 1232 | M82: 1877 | N82: 519 | O82: 1028 | P82: 532
A83: CurrentWorkingView | B83: 3616302039548 | C83: P_US_ALL_OTHERS | D83: System BestFit Final | E83: ST | F83: ST | G83: ST | H83: ST | I83: ST | J83: ST | K83: ST | L83: ST | M83: ST | N83: ST | O83: ST | P83: ST
A84: CurrentWorkingView | B84: 3616302039548 | C84: P_US_ALL_OTHERS | D84: System Bestfit Model ST | E84: ST | F84: ST | G84: ST | H84: ST | I84: ST | J84: ST | K84: ST | L84: ST | M84: ST | N84: ST | O84: ST | P84: ST
A85: CurrentWorkingView | B85: 3616302039548 | C85: P_US_ALL_OTHERS | D85: Planner BestFit Model | E85: ST | F85: ST | G85: ST | H85: ST | I85: ST | J85: ST | K85: ST | L85: ST | M85: ST | N85: ST | O85: ST | P85: ST
A86: CurrentWorkingView | B86: 3616302039548 | C86: P_US_ULTA | D86: System FC - Final | E86: 413 | F86: 2053 | G86: 1644 | H86: 554 | I86: 972 | J86: 438 | K86: 602 | L86: 1960 | M86: 1785 | N86: 875 | O86: 252 | P86: 570
A87: CurrentWorkingView | B87: 3616302039548 | C87: P_US_ULTA | D87: CML Fcst | H87: 1006 | I87: 1068 | J87: 1155 | K87: 505 | L87: 756 | M87: 1834 | N87: 548 | O87: 700 | P87: 600
A88: CurrentWorkingView | B88: 3616302039548 | C88: P_US_ULTA | D88: ST Stat Fcst | E88: 413 | F88: 2053 | G88: 1644 | H88: 554 | I88: 972 | J88: 438 | K88: 602 | L88: 1960 | M88: 1785 | N88: 875 | O88: 252 | P88: 570
A89: CurrentWorkingView | B89: 3616302039548 | C89: P_US_ULTA | D89: LT Stat Fcst | H89: 744 | I89: 536 | J89: 1102 | K89: 695 | L89: 924 | M89: 1404 | N89: 390 | O89: 766 | P89: 397
A90: CurrentWorkingView | B90: 3616302039548 | C90: P_US_ULTA | D90: System BestFit Final | E90: ST | F90: ST | G90: ST | H90: ST | I90: ST | J90: ST | K90: ST | L90: ST | M90: ST | N90: ST | O90: ST | P90: ST
A91: CurrentWorkingView | B91: 3616302039548 | C91: P_US_ULTA | D91: System Bestfit Model ST | E91: ST | F91: ST | G91: ST | H91: ST | I91: ST | J91: ST | K91: ST | L91: ST | M91: ST | N91: ST | O91: ST | P91: ST
A92: CurrentWorkingView | B92: 3616302039548 | C92: P_US_ULTA | D92: Planner BestFit Model | E92: ST | F92: ST | G92: ST | H92: ST | I92: ST | J92: ST | K92: ST | L92: ST | M92: ST | N92: ST | O92: ST | P92: ST
A93: CurrentWorkingView | B93: 3616302514298 | C93: P_US_ALL_OTHERS | D93: System FC - Final | E93: 4099 | F93: 1223 | G93: 905 | H93: 1187 | I93: 799 | J93: 1032 | K93: 647 | L93: 732 | M93: 965 | N93: 895 | O93: 686 | P93: 287
A94: CurrentWorkingView | B94: 3616302514298 | C94: P_US_ALL_OTHERS | D94: CML Fcst | H94: 1781 | I94: 776 | J94: 1159 | K94: 877 | L94: 956 | M94: 1014 | N94: 1080 | O94: 731 | P94: 686
A95: CurrentWorkingView | B95: 3616302514298 | C95: P_US_ALL_OTHERS | D95: ST Stat Fcst | E95: 4099 | F95: 1223 | G95: 905 | H95: 1187 | I95: 798 | J95: 1032 | K95: 647 | L95: 732 | M95: 965 | N95: 895 | O95: 686 | P95: 287
A96: CurrentWorkingView | B96: 3616302514298 | C96: P_US_ALL_OTHERS | D96: LT Stat Fcst | H96: 1485 | I96: 964 | J96: 1917 | K96: 860 | L96: 2028 | M96: 1665 | N96: 1454 | O96: 1688 | P96: 609
A97: CurrentWorkingView | B97: 3616302514298 | C97: P_US_ALL_OTHERS | D97: System BestFit Final | E97: ST | F97: ST | G97: ST | H97: ST | I97: ST | J97: ST | K97: ST | L97: ST | M97: ST | N97: ST | O97: ST | P97: ST
A98: CurrentWorkingView | B98: 3616302514298 | C98: P_US_ALL_OTHERS | D98: System Bestfit Model ST | E98: ST | F98: ST | G98: ST | H98: ST | I98: ST | J98: ST | K98: ST | L98: ST | M98: ST | N98: ST | O98: ST | P98: ST
A99: CurrentWorkingView | B99: 3616302514298 | C99: P_US_ALL_OTHERS | D99: Planner BestFit Model | E99: ST | F99: ST | G99: ST | H99: ST | I99: ST | J99: ST | K99: ST | L99: ST | M99: ST | N99: ST | O99: ST | P99: ST
A100: CurrentWorkingView | B100: 3616302514298 | C100: P_US_ULTA | D100: System FC - Final | E100: 57 | F100: 224 | G100: 723 | H100: 1633 | I100: 1059 | J100: 2104 | K100: 943 | L100: 2228 | M100: 1829 | N100: 1598 | O100: 1855 | P100: 667
...

Sheet ALGO
A1: ST Stat Item | B1: Stat Item Description | C1: ST Stat Account | D1: Data | E1: 2026.M07 | F1: 2026.M08 | G1: 2026.M09 | H1: 2026.M10 | I1: 2026.M11 | J1: 2026.M12 | K1: 2027.M01 | L1: 2027.M02 | M1: 2027.M03 | N1: 2027.M04 | O1: 2027.M05 | P1: 2027.M06
A2: 3614229382112 | B2: GG PH P EDP 50 ML IV | C2: P_US_ALL_OTHERS | D2: Stat Fcst L1 | E2: 2385.9999 | F2: 616.99998 | G2: 887 | H2: 2609 | I2: 922 | J2: 673 | K2: 695 | L2: 1392 | M2: 1280 | N2: 758 | O2: 1315 | P2: 716
A3: 3614229382112 | B3: GG PH P EDP 50 ML IV | C3: P_US_ALL_OTHERS | D3: Stat Fcst AR-NNET
A4: 3614229382112 | B4: GG PH P EDP 50 ML IV | C4: P_US_ALL_OTHERS | D4: Stat Fcst Auto ARIMA
A5: 3614229382112 | B5: GG PH P EDP 50 ML IV | C5: P_US_ALL_OTHERS | D5: Stat Fcst Croston
A6: 3614229382112 | B6: GG PH P EDP 50 ML IV | C6: P_US_ALL_OTHERS | D6: Stat Fcst DES
A7: 3614229382112 | B7: GG PH P EDP 50 ML IV | C7: P_US_ALL_OTHERS | D7: Stat Fcst ETS
A8: 3614229382112 | B8: GG PH P EDP 50 ML IV | C8: P_US_ALL_OTHERS | D8: Stat Fcst Moving Average
A9: 3614229382112 | B9: GG PH P EDP 50 ML IV | C9: P_US_ALL_OTHERS | D9: Stat Fcst Naive Random Walk
A10: 3614229382112 | B10: GG PH P EDP 50 ML IV | C10: P_US_ALL_OTHERS | D10: Stat Fcst Prophet
A11: 3614229382112 | B11: GG PH P EDP 50 ML IV | C11: P_US_ALL_OTHERS | D11: Stat Fcst sARIMA
A12: 3614229382112 | B12: GG PH P EDP 50 ML IV | C12: P_US_ALL_OTHERS | D12: Stat Fcst Seasonal Naive YoY
A13: 3614229382112 | B13: GG PH P EDP 50 ML IV | C13: P_US_ALL_OTHERS | D13: Stat Fcst SES
A14: 3614229382112 | B14: GG PH P EDP 50 ML IV | C14: P_US_ALL_OTHERS | D14: Stat Fcst STLF | E14: 1662.4984 | F14: 1797.4626 | G14: 5151.8552 | H14: 3766.9401 | I14: 2201.9135 | J14: 3871.8793 | K14: 2288.1128 | L14: 3197.1029 | M14: 4902.1686 | N14: 4972.2565 | O14: 3840.1265 | P14: 4974.4234
A15: 3614229382112 | B15: GG PH P EDP 50 ML IV | C15: P_US_ALL_OTHERS | D15: Stat Fcst TBATS
A16: 3614229382112 | B16: GG PH P EDP 50 ML IV | C16: P_US_ALL_OTHERS | D16: Stat Fcst TES | E16: 962.9589 | F16: 1054.912 | G16: 2612.8199 | H16: 2608.7278 | I16: 921.50193 | J16: 672.39578 | K16: 694.91146 | L16: 1390.956 | M16: 1281.02 | N16: 756.54044 | O16: 1315.6625 | P16: 715.01216
A17: 3614229382112 | B17: GG PH P EDP 50 ML IV | C17: P_US_ALL_OTHERS | D17: Stat Fcst Theta
A18: 3614229382112 | B18: GG PH P EDP 50 ML IV | C18: P_US_ALL_OTHERS | D18: System ML Fcst L1
A19: 3614229382112 | B19: GG PH P EDP 50 ML IV | C19: P_US_ALL_OTHERS | D19: Stat Fcst Simple Snaive | E19: 2452.9999 | F19: 2259.1199 | G19: 1587.3333 | H19: 906.33331 | I19: 1323 | J19: 1075.3333 | K19: 1656 | L19: 1877.7467 | M19: 1516.6665 | N19: 1186.6667 | O19: 751.33329 | P19: 1284.6667
A20: 3614229382112 | B20: GG PH P EDP 50 ML IV | C20: P_US_ALL_OTHERS | D20: Stat Fcst Simple AOA
A21: 3614229382112 | B21: GG PH P EDP 50 ML IV | C21: P_US_ALL_OTHERS | D21: Stat Fcst Weighted Snaive
A22: 3614229382112 | B22: GG PH P EDP 50 ML IV | C22: P_US_ALL_OTHERS | D22: Stat Fcst Weighted AOA
A23: 3614229382112 | B23: GG PH P EDP 50 ML IV | C23: P_US_ALL_OTHERS | D23: Stat Fcst Growth Snaive
A24: 3614229382112 | B24: GG PH P EDP 50 ML IV | C24: P_US_ALL_OTHERS | D24: Stat Fcst Growth AOA
A25: 3614229382112 | B25: GG PH P EDP 50 ML IV | C25: P_US_ALL_OTHERS | D25: System Stat Fcst Bestfit | H25: 2608.7277 | I25: 921.50196 | J25: 672.39573 | K25: 694.91148 | L25: 1390.9561 | M25: 1281.02 | N25: 756.54048 | O25: 1315.6624 | P25: 715.01215
A26: 3614229382112 | B26: GG PH P EDP 50 ML IV | C26: P_US_ULTA | D26: Stat Fcst L1 | E26: 166 | F26: 330.99999 | G26: 570 | H26: 0 | I26: 248 | J26: 177 | K26: 40 | L26: 852 | M26: 487 | N26: 55 | O26: 376 | P26: 540
A27: 3614229382112 | B27: GG PH P EDP 50 ML IV | C27: P_US_ULTA | D27: Stat Fcst AR-NNET
A28: 3614229382112 | B28: GG PH P EDP 50 ML IV | C28: P_US_ULTA | D28: Stat Fcst Auto ARIMA
A29: 3614229382112 | B29: GG PH P EDP 50 ML IV | C29: P_US_ULTA | D29: Stat Fcst Croston
A30: 3614229382112 | B30: GG PH P EDP 50 ML IV | C30: P_US_ULTA | D30: Stat Fcst DES
A31: 3614229382112 | B31: GG PH P EDP 50 ML IV | C31: P_US_ULTA | D31: Stat Fcst ETS
A32: 3614229382112 | B32: GG PH P EDP 50 ML IV | C32: P_US_ULTA | D32: Stat Fcst Moving Average
A33: 3614229382112 | B33: GG PH P EDP 50 ML IV | C33: P_US_ULTA | D33: Stat Fcst Naive Random Walk
A34: 3614229382112 | B34: GG PH P EDP 50 ML IV | C34: P_US_ULTA | D34: Stat Fcst Prophet
A35: 3614229382112 | B35: GG PH P EDP 50 ML IV | C35: P_US_ULTA | D35: Stat Fcst sARIMA
A36: 3614229382112 | B36: GG PH P EDP 50 ML IV | C36: P_US_ULTA | D36: Stat Fcst Seasonal Naive YoY
A37: 3614229382112 | B37: GG PH P EDP 50 ML IV | C37: P_US_ULTA | D37: Stat Fcst SES
A38: 3614229382112 | B38: GG PH P EDP 50 ML IV | C38: P_US_ULTA | D38: Stat Fcst STLF | E38: 144.25486 | F38: 723.20495 | G38: 439.56449 | H38: 9.448586 | I38: 788.56403 | J38: 562.52167 | K38: 0 | L38: 118.39948 | M38: 0 | N38: 245.14972 | O38: 667.54876 | P38: 335.7483
A39: 3614229382112 | B39: GG PH P EDP 50 ML IV | C39: P_US_ULTA | D39: Stat Fcst TBATS
A40: 3614229382112 | B40: GG PH P EDP 50 ML IV | C40: P_US_ULTA | D40: Stat Fcst TES | E40: 141.79352 | F40: 652.42437 | G40: 507.8312 | H40: 0 | I40: 248.72269 | J40: 177.24742 | K40: 41.674821 | L40: 852.26788 | M40: 486.66146 | N40: 54.403426 | O40: 374.82779 | P40: 541.41678
A41: 3614229382112 | B41: GG PH P EDP 50 ML IV | C41: P_US_ULTA | D41: Stat Fcst Theta
A42: 3614229382112 | B42: GG PH P EDP 50 ML IV | C42: P_US_ULTA | D42: System ML Fcst L1
A43: 3614229382112 | B43: GG PH P EDP 50 ML IV | C43: P_US_ULTA | D43: Stat Fcst Simple Snaive | E43: 88.999989 | F43: 381.49999 | G43: 1191.4837 | H43: 110 | I43: 759.00001 | J43: 364.33332 | K43: 205.33333 | L43: 1050.1503 | M43: 813.81691 | N43: 223.33334 | O43: 450.66665 | P43: 219.33333
A44: 3614229382112 | B44: GG PH P EDP 50 ML IV | C44: P_US_ULTA | D44: Stat Fcst Simple AOA
A45: 3614229382112 | B45: GG PH P EDP 50 ML IV | C45: P_US_ULTA | D45: Stat Fcst Weighted Snaive
A46: 3614229382112 | B46: GG PH P EDP 50 ML IV | C46: P_US_ULTA | D46: Stat Fcst Weighted AOA
A47: 3614229382112 | B47: GG PH P EDP 50 ML IV | C47: P_US_ULTA | D47: Stat Fcst Growth Snaive
A48: 3614229382112 | B48: GG PH P EDP 50 ML IV | C48: P_US_ULTA | D48: Stat Fcst Growth AOA
A49: 3614229382112 | B49: GG PH P EDP 50 ML IV | C49: P_US_ULTA | D49: System Stat Fcst Bestfit | H49: 0 | I49: 248.72269 | J49: 177.24743 | K49: 41.674819 | L49: 852.26788 | M49: 486.66145 | N49: 54.403428 | O49: 374.82778 | P49: 541.41675
A50: 3614229382129 | B50: GG PH P EDP 90 ML IV | C50: P_US_ALL_OTHERS | D50: Stat Fcst L1 | E50: 3671.9999 | F50: 2127.9999 | G50: 3082 | H50: 3455 | I50: 1722 | J50: 2914 | K50: 1063 | L50: 1044 | M50: 992 | N50: 1325 | O50: 2825 | P50: 2250
A51: 3614229382129 | B51: GG PH P EDP 90 ML IV | C51: P_US_ALL_OTHERS | D51: Stat Fcst AR-NNET
A52: 3614229382129 | B52: GG PH P EDP 90 ML IV | C52: P_US_ALL_OTHERS | D52: Stat Fcst Auto ARIMA
A53: 3614229382129 | B53: GG PH P EDP 90 ML IV | C53: P_US_ALL_OTHERS | D53: Stat Fcst Croston
A54: 3614229382129 | B54: GG PH P EDP 90 ML IV | C54: P_US_ALL_OTHERS | D54: Stat Fcst DES
A55: 3614229382129 | B55: GG PH P EDP 90 ML IV | C55: P_US_ALL_OTHERS | D55: Stat Fcst ETS
A56: 3614229382129 | B56: GG PH P EDP 90 ML IV | C56: P_US_ALL_OTHERS | D56: Stat Fcst Moving Average
A57: 3614229382129 | B57: GG PH P EDP 90 ML IV | C57: P_US_ALL_OTHERS | D57: Stat Fcst Naive Random Walk
A58: 3614229382129 | B58: GG PH P EDP 90 ML IV | C58: P_US_ALL_OTHERS | D58: Stat Fcst Prophet
A59: 3614229382129 | B59: GG PH P EDP 90 ML IV | C59: P_US_ALL_OTHERS | D59: Stat Fcst sARIMA
A60: 3614229382129 | B60: GG PH P EDP 90 ML IV | C60: P_US_ALL_OTHERS | D60: Stat Fcst Seasonal Naive YoY
A61: 3614229382129 | B61: GG PH P EDP 90 ML IV | C61: P_US_ALL_OTHERS | D61: Stat Fcst SES
A62: 3614229382129 | B62: GG PH P EDP 90 ML IV | C62: P_US_ALL_OTHERS | D62: Stat Fcst STLF | E62: 3152.1214 | F62: 3850.133 | G62: 3337.0074 | H62: 3184.282 | I62: 2545.0588 | J62: 4366.8542 | K62: 1164.243 | L62: 994 | M62: 2544.8069 | N62: 1862.1721 | O62: 1869.4675 | P62: 2208.678
A63: 3614229382129 | B63: GG PH P EDP 90 ML IV | C63: P_US_ALL_OTHERS | D63: Stat Fcst TBATS
A64: 3614229382129 | B64: GG PH P EDP 90 ML IV | C64: P_US_ALL_OTHERS | D64: Stat Fcst TES | E64: 3394.0045 | F64: 3675.2386 | G64: 3698.7129 | H64: 3456.2168 | I64: 1722.7767 | J64: 2915.6227 | K64: 1064.6116 | L64: 1042.9188 | M64: 993.99997 | N64: 1325.8671 | O64: 2825.6278 | P64: 2248.9118
A65: 3614229382129 | B65: GG PH P EDP 90 ML IV | C65: P_US_ALL_OTHERS | D65: Stat Fcst Theta
A66: 3614229382129 | B66: GG PH P EDP 90 ML IV | C66: P_US_ALL_OTHERS | D66: System ML Fcst L1
A67: 3614229382129 | B67: GG PH P EDP 90 ML IV | C67: P_US_ALL_OTHERS | D67: Stat Fcst Simple Snaive | E67: 4505.9996 | F67: 4653.4999 | G67: 4373.4799 | H67: 4288.9999 | I67: 3586.6667 | J67: 3304.6664 | K67: 2654.9999 | L67: 2150 | M67: 2490.6666 | N67: 2126.6668 | O67: 3487.6666 | P67: 2241.3334
A68: 3614229382129 | B68: GG PH P EDP 90 ML IV | C68: P_US_ALL_OTHERS | D68: Stat Fcst Simple AOA
A69: 3614229382129 | B69: GG PH P EDP 90 ML IV | C69: P_US_ALL_OTHERS | D69: Stat Fcst Weighted Snaive
A70: 3614229382129 | B70: GG PH P EDP 90 ML IV | C70: P_US_ALL_OTHERS | D70: Stat Fcst Weighted AOA
A71: 3614229382129 | B71: GG PH P EDP 90 ML IV | C71: P_US_ALL_OTHERS | D71: Stat Fcst Growth Snaive
A72: 3614229382129 | B72: GG PH P EDP 90 ML IV | C72: P_US_ALL_OTHERS | D72: Stat Fcst Growth AOA
A73: 3614229382129 | B73: GG PH P EDP 90 ML IV | C73: P_US_ALL_OTHERS | D73: System Stat Fcst Bestfit | H73: 3456.2167 | I73: 1722.7767 | J73: 2915.6225 | K73: 1064.6115 | L73: 1042.9188 | M73: 993.99991 | N73: 1325.8671 | O73: 2825.6276 | P73: 2248.9119
A74: 3614229382129 | B74: GG PH P EDP 90 ML IV | C74: P_US_ULTA | D74: Stat Fcst L1 | E74: 470.99999 | F74: 607.99998 | G74: 3082 | H74: 558 | I74: 1474 | J74: 1661 | K74: 731 | L74: 1344 | M74: 1789 | N74: 608 | O74: 2507 | P74: 703
A75: 3614229382129 | B75: GG PH P EDP 90 ML IV | C75: P_US_ULTA | D75: Stat Fcst AR-NNET
A76: 3614229382129 | B76: GG PH P EDP 90 ML IV | C76: P_US_ULTA | D76: Stat Fcst Auto ARIMA
A77: 3614229382129 | B77: GG PH P EDP 90 ML IV | C77: P_US_ULTA | D77: Stat Fcst Croston
A78: 3614229382129 | B78: GG PH P EDP 90 ML IV | C78: P_US_ULTA | D78: Stat Fcst DES
A79: 3614229382129 | B79: GG PH P EDP 90 ML IV | C79: P_US_ULTA | D79: Stat Fcst ETS
A80: 3614229382129 | B80: GG PH P EDP 90 ML IV | C80: P_US_ULTA | D80: Stat Fcst Moving Average
A81: 3614229382129 | B81: GG PH P EDP 90 ML IV | C81: P_US_ULTA | D81: Stat Fcst Naive Random Walk
A82: 3614229382129 | B82: GG PH P EDP 90 ML IV | C82: P_US_ULTA | D82: Stat Fcst Prophet
A83: 3614229382129 | B83: GG PH P EDP 90 ML IV | C83: P_US_ULTA | D83: Stat Fcst sARIMA
A84: 3614229382129 | B84: GG PH P EDP 90 ML IV | C84: P_US_ULTA | D84: Stat Fcst Seasonal Naive YoY
A85: 3614229382129 | B85: GG PH P EDP 90 ML IV | C85: P_US_ULTA | D85: Stat Fcst SES
A86: 3614229382129 | B86: GG PH P EDP 90 ML IV | C86: P_US_ULTA | D86: Stat Fcst STLF | E86: 51.286195 | F86: 1813.4292 | G86: 4437.2631 | H86: 1237.7369 | I86: 2131.8478 | J86: 2182.0547 | K86: 1560.8975 | L86: 263.65724 | M86: 897.2922 | N86: 521.2221 | O86: 2950.8552 | P86: 313.37669
A87: 3614229382129 | B87: GG PH P EDP 90 ML IV | C87: P_US_ULTA | D87: Stat Fcst TBATS
A88: 3614229382129 | B88: GG PH P EDP 90 ML IV | C88: P_US_ULTA | D88: Stat Fcst TES | E88: 438.59445 | F88: 2272.2777 | G88: 2424.1807 | H88: 454.49925 | I88: 1249.4507 | J88: 1769.2433 | K88: 723.84396 | L88: 1318.428 | M88: 1109.5268 | N88: 598.18995 | O88: 2328.2641 | P88: 909.14615
A89: 3614229382129 | B89: GG PH P EDP 90 ML IV | C89: P_US_ULTA | D89: Stat Fcst Theta
A90: 3614229382129 | B90: GG PH P EDP 90 ML IV | C90: P_US_ULTA | D90: System ML Fcst L1
A91: 3614229382129 | B91: GG PH P EDP 90 ML IV | C91: P_US_ULTA | D91: Stat Fcst Simple Snaive | E91: 519.99998 | F91: 1227.5 | G91: 3083 | H91: 559.99997 | I91: 1475.3333 | J91: 1661.6665 | K91: 728.99997 | L91: 1343.0156 | M91: 1788.6666 | N91: 606.6667 | O91: 2507.3333 | P91: 703.00001
A92: 3614229382129 | B92: GG PH P EDP 90 ML IV | C92: P_US_ULTA | D92: Stat Fcst Simple AOA
A93: 3614229382129 | B93: GG PH P EDP 90 ML IV | C93: P_US_ULTA | D93: Stat Fcst Weighted Snaive
A94: 3614229382129 | B94: GG PH P EDP 90 ML IV | C94: P_US_ULTA | D94: Stat Fcst Weighted AOA
A95: 3614229382129 | B95: GG PH P EDP 90 ML IV | C95: P_US_ULTA | D95: Stat Fcst Growth Snaive
A96: 3614229382129 | B96: GG PH P EDP 90 ML IV | C96: P_US_ULTA | D96: Stat Fcst Growth AOA
A97: 3614229382129 | B97: GG PH P EDP 90 ML IV | C97: P_US_ULTA | D97: System Stat Fcst Bestfit | H97: 559.99998 | I97: 1475.3334 | J97: 1661.6665 | K97: 728.99998 | L97: 1343.0156 | M97: 1788.6666 | N97: 606.6667 | O97: 2507.3332 | P97: 703.00001
A98: 3616301794639 | B98: GG PF EDP 90 ML INTENSE IV | C98: P_US_ALL_OTHERS | D98: Stat Fcst L1 | E98: 52.999998 | F98: 89.999997 | G98: 972 | H98: 1307 | I98: 960 | J98: 753 | K98: 385 | L98: 812 | M98: 332 | N98: 540 | O98: 376 | P98: 382
A99: 3616301794639 | B99: GG PF EDP 90 ML INTENSE IV | C99: P_US_ALL_OTHERS | D99: Stat Fcst AR-NNET
A100: 3616301794639 | B100: GG PF EDP 90 ML INTENSE IV | C100: P_US_ALL_OTHERS | D100: Stat Fcst Auto ARIMA
...

Sheet ADHOC
A1: ST Stat Item | B1: Stat Item Description | C1: ST Stat Account | D1: Final Segment | E1: System Bestfit Algorithm | F1: Planner Bestfit Algorithm | G1: System Assigned Algorithm List | H1: Planner Additions | I1: System FC - Final | J1: ST Bestfit Fcst | K1: System BestFit Final
A2: 3614229382112 | B2: GG PH P EDP 50 ML IV | C2: P_US_ALL_OTHERS | D2: Horses | E2: Simple Snaive | F2: TES | G2: TES,STLF,Simple Snaive | I2: 14169 | J2: 14169 | K2: ST
A3: 3614229382112 | B3: GG PH P EDP 50 ML IV | C3: P_US_ULTA | D3: Horses | E3: STLF | F3: TES | G3: TES,STLF,Simple Snaive | I3: 3793 | J3: 3793 | K3: ST
A4: 3614229382129 | B4: GG PH P EDP 90 ML IV | C4: P_US_ALL_OTHERS | D4: Horses | E4: TES | G4: TES,STLF,Simple Snaive | I4: 25323 | J4: 25323 | K4: ST
A5: 3614229382129 | B5: GG PH P EDP 90 ML IV | C5: P_US_ULTA | D5: Horses | E5: Simple Snaive | G5: TES,STLF,Simple Snaive | I5: 12711 | J5: 12711 | K5: LT
A6: 3616301794639 | B6: GG PF EDP 90 ML INTENSE IV | C6: P_US_ALL_OTHERS | D6: Rabbits | E6: Simple Snaive | G6: TES,STLF,Simple Snaive | I6: 1992 | J6: 1992 | K6: LT
A7: 3616301794639 | B7: GG PF EDP 90 ML INTENSE IV | C7: P_US_ULTA | D7: Rabbits | E7: Moving Average | G7: DES,STLF,Weighted AOA,Moving Average | I7: 1067 | J7: 1067 | K7: LT
A8: 3616301976141 | B8: GG PF21 EDT NS 90 ML IV | C8: P_US_ALL_OTHERS | D8: Horses | E8: TES | F8: STLF | G8: TES,STLF,Simple Snaive | I8: 12496 | J8: 12496 | K8: ST
A9: 3616301976141 | B9: GG PF21 EDT NS 90 ML IV | C9: P_US_ULTA | D9: Horses | E9: Simple Snaive | F9: Simple Snaive | G9: TES,STLF,Simple Snaive | I9: 6706 | J9: 6706 | K9: ST
A10: 3616302033683 | B10: GUCCI GUILT H DEOSTK 75 ML VP IV | C10: P_US_ALL_OTHERS | D10: Rabbits | E10: Moving Average | G10: DES,STLF,Weighted AOA,Moving Average | I10: 3726 | J10: 3726 | K10: LT
A11: 3616302033683 | B11: GUCCI GUILT H DEOSTK 75 ML VP IV | C11: P_US_ULTA | D11: Rabbits | K11: ST
A12: 3616302039357 | B12: GUCCI FL GG EDP 10 ML PENSPRAY IV | C12: P_US_ALL_OTHERS | D12: Horses | E12: DES | F12: STLF | G12: DES,STLF,Weighted AOA | H12: Simple Snaive | I12: 96378 | J12: 96378 | K12: LT
A13: 3616302039357 | B13: GUCCI FL GG EDP 10 ML PENSPRAY IV | C13: P_US_ULTA | D13: Horses | E13: Weighted Snaive | F13: Weighted Snaive | G13: DES,STLF,Weighted AOA | H13: Weighted Snaive | I13: 50576 | J13: 50576 | K13: LT
A14: 3616302039548 | B14: GG PF21 EDT NS 10 ML IV | C14: P_US_ALL_OTHERS | D14: Horses | E14: Weighted Snaive | F14: TES | G14: TES,STLF,Simple Snaive | H14: Weighted Snaive | I14: 10442 | J14: 10442 | K14: ST
A15: 3616302039548 | B15: GG PF21 EDT NS 10 ML IV | C15: P_US_ULTA | D15: Horses | E15: Simple Snaive | F15: TES | G15: TES,STLF,Simple Snaive | I15: 12118 | J15: 12118 | K15: ST
A16: 3616302514298 | B16: GUCCI BM EDT NS 100 ML RG IV | C16: P_US_ALL_OTHERS | D16: Bulls | E16: Simple Snaive | F16: Simple Snaive | G16: DES,STLF,Weighted AOA,Moving Average | I16: 13457 | J16: 13457 | K16: ST
A17: 3616302514298 | B17: GUCCI BM EDT NS 100 ML RG IV | C17: P_US_ULTA | D17: Bulls | E17: TES | F17: STLF | G17: TES,STLF,Simple Snaive | I17: 14920 | J17: 14920 | K17: LT
A18: 3616302968534 | B18: GUCCI FL G JSM EDP 50 ML IV | C18: P_US_ALL_OTHERS | D18: Horses | E18: Simple Snaive | F18: TES | G18: TES,STLF,Simple Snaive | I18: 5465 | J18: 5465 | K18: ST
A19: 3616302968534 | B19: GUCCI FL G JSM EDP 50 ML IV | C19: P_US_ULTA | D19: Horses | E19: TES | G19: TES,STLF,Simple Snaive | I19: 1567 | J19: 1567 | K19: ST
A20: 3616303048198 | B20: GUCCI FL G JSM EDP 10 ML IV | C20: P_US_ALL_OTHERS | D20: Horses | E20: Weighted Snaive | F20: TES | G20: TES,STLF,Simple Snaive | H20: Weighted Snaive | I20: 24485 | J20: 24485 | K20: ST
A21: 3616303048198 | B21: GUCCI FL G JSM EDP 10 ML IV | C21: P_US_ULTA | D21: Horses | E21: STLF | F21: DES | G21: DES,STLF,Weighted AOA | H21: Weighted Snaive | I21: 3437 | J21: 3437 | K21: ST
A22: 3616303470777 | B22: GUCCI FL G MAG RG EDP 10 ML IV | C22: P_US_ALL_OTHERS | D22: Horses | E22: Weighted Snaive | F22: Weighted Snaive | G22: TES,STLF,Simple Snaive | H22: Weighted Snaive | I22: 38193 | J22: 38193 | K22: ST
A23: 3616303470777 | B23: GUCCI FL G MAG RG EDP 10 ML IV | C23: P_US_ULTA | D23: Horses | E23: STLF | F23: Weighted Snaive | G23: DES,STLF,Weighted AOA | H23: Weighted Snaive | I23: 13409 | J23: 13409 | K23: LT
A24: 3616303470791 | B24: GUCCI FL G MAG RG EDP 100 ML SCREW IV | C24: P_US_ALL_OTHERS | D24: Bulls | E24: TES | F24: STLF | G24: TES,STLF,Simple Snaive | I24: 17701 | J24: 17701 | K24: ST
A25: 3616303470791 | B25: GUCCI FL G MAG RG EDP 100 ML SCREW IV | C25: P_US_ULTA | D25: Bulls | E25: Weighted AOA | F25: STLF | G25: DES,STLF,Weighted AOA | I25: 26689 | J25: 26689 | K25: ST
A26: 3616304077005 | B26: GUCCI BM EDP 10ML PENSPRAY RG 24IV | C26: P_US_ALL_OTHERS | D26: Horses | E26: Simple Snaive | F26: STLF | G26: TES,STLF,Simple Snaive | I26: 22335 | J26: 22335 | K26: ST
A27: 3616304077005 | B27: GUCCI BM EDP 10ML PENSPRAY RG 24IV | C27: P_US_ULTA | D27: Horses | E27: Simple Snaive | F27: TES | G27: TES,STLF,Simple Snaive | I27: 14698 | J27: 14698 | K27: ST
A28: 3616304077029 | B28: GUCCI BM EDT NS 10 ML PENSPRAY RGIV | C28: P_US_ALL_OTHERS | D28: Bulls | E28: Simple Snaive | G28: TES,STLF,Simple Snaive | I28: 17582 | J28: 17582 | K28: ST
A29: 3616304077029 | B29: GUCCI BM EDT NS 10 ML PENSPRAY RGIV | C29: P_US_ULTA | D29: Bulls | E29: STLF | G29: TES,STLF,Simple Snaive | I29: 308 | J29: 308 | K29: LT
A30: 3616304175893 | B30: GG ELIXIR PH PRFM 60 ML NS IV | C30: P_US_ALL_OTHERS | D30: Horses | E30: TES | G30: TES,STLF,Simple Snaive | I30: 28589 | J30: 28589 | K30: ST
A31: 3616304175893 | B31: GG ELIXIR PH PRFM 60 ML NS IV | C31: P_US_ULTA | D31: Horses | E31: STLF | G31: TES,STLF,Simple Snaive | I31: 2726 | J31: 2726 | K31: ST
A32: 3616304175916 | B32: GG ELIXIR PF PRFM 60 ML IV | C32: P_US_ALL_OTHERS | D32: Rabbits | E32: STLF | F32: Simple Snaive | G32: TES,STLF,Simple Snaive | I32: 4991 | J32: 4991 | K32: CML
A33: 3616304175916 | B33: GG ELIXIR PF PRFM 60 ML IV | C33: P_US_ULTA | D33: Rabbits | E33: STLF | G33: TES,STLF,Simple Snaive | I33: 79 | J33: 79 | K33: LT
A34: 3616304249716 | B34: GUCCI BM EDPIN EDP 100 ML IV | C34: P_US_ALL_OTHERS | D34: Horses | E34: TES | G34: TES,STLF,Simple Snaive | I34: 11979 | J34: 11979 | K34: ST
A35: 3616304249716 | B35: GUCCI BM EDPIN EDP 100 ML IV | C35: P_US_ULTA | D35: Horses | E35: Simple Snaive | G35: TES,STLF,Simple Snaive | I35: 1945 | J35: 1945 | K35: CML
A36: 3616305169259 | B36: GUCCI FL G ORC EDP 30ML IV | C36: P_US_ALL_OTHERS | D36: Horses | E36: Simple Snaive | G36: TES,STLF,Simple Snaive | I36: 15351 | J36: 15351 | K36: LT
A37: 3616305169259 | B37: GUCCI FL G ORC EDP 30ML IV | C37: P_US_ULTA | D37: Horses | E37: DES | G37: DES,STLF,Weighted AOA | I37: 13852 | J37: 13852 | K37: LT
A38: 3616305169273 | B38: GUCCI FL G ORC EDP 100 ML VP IV | C38: P_US_ALL_OTHERS | D38: Horses | E38: STLF | F38: TES | G38: TES,STLF,Simple Snaive | I38: 17462 | J38: 17462 | K38: ST
A39: 3616305169273 | B39: GUCCI FL G ORC EDP 100 ML VP IV | C39: P_US_ULTA | D39: Horses | E39: TES | G39: TES,STLF,Simple Snaive | H39: Weighted Snaive | I39: 8421 | J39: 8421 | K39: CML
A40: 3616305169297 | B40: GUCCI FL G ORC EDP 10 ML PENSPRAY VP IV | C40: P_US_ALL_OTHERS | D40: Horses | E40: TES | F40: TES | G40: DES,STLF,Weighted AOA | H40: TES | I40: 48607 | J40: 48607 | K40: LT
A41: 3616305169297 | B41: GUCCI FL G ORC EDP 10 ML PENSPRAY VP IV | C41: P_US_ULTA | D41: Horses | E41: TES | G41: TES,STLF,Simple Snaive | H41: TES | I41: 26100 | J41: 26100 | K41: LT
A42: 3616305275745 | B42: GUCCI FLG EDPI PRFM 100 ML INTENSE IV | C42: P_US_ALL_OTHERS | D42: Horses | E42: Moving Average | F42: SES | G42: SES,Moving Average,DES | I42: 19639 | J42: 19639 | K42: ST
A43: 3616305275745 | B43: GUCCI FLG EDPI PRFM 100 ML INTENSE IV | C43: P_US_ULTA | D43: Horses | E43: Moving Average | F43: SES | G43: SES,Moving Average,DES | I43: 9431 | J43: 9431 | K43: ST
A44: 3616305275776 | B44: GUCCI FLG EDPI PRFM 10ML INTEN P/SPRY IV | C44: P_US_ALL_OTHERS | D44: Bulls | E44: Moving Average | G44: SES,Moving Average,DES | I44: 21479 | J44: 21479 | K44: ST
A45: 3616305275776 | B45: GUCCI FLG EDPI PRFM 10ML INTEN P/SPRY IV | C45: P_US_ULTA | D45: Bulls | E45: Moving Average | G45: SES,Moving Average | I45: 12190 | J45: 12190 | K45: ST
A46: 3616305820846 | B46: GUCCI G BLK H RG EDT 90 ML ESSENCE IV | C46: P_US_ALL_OTHERS | D46: Horses | E46: TES | F46: STLF | G46: TES,STLF,Simple Snaive | I46: 29151 | J46: 29151 | K46: ST
A47: 3616305820846 | B47: GUCCI G BLK H RG EDT 90 ML ESSENCE IV | C47: P_US_ULTA | D47: Horses | E47: Simple Snaive | G47: TES,STLF,Simple Snaive | I47: 13772 | J47: 13772 | K47: CML
A48: 3616308110289 | B48: GUCCI BM EDP 30ML GAL VP 24IV | C48: P_US_ALL_OTHERS | D48: Rabbits | E48: TES | G48: TES,STLF,Simple Snaive | K48: ST
A49: 3616308110289 | B49: GUCCI BM EDP 30ML GAL VP 24IV | C49: P_US_ULTA | D49: Rabbits | E49: TES | G49: TES,STLF,Simple Snaive | K49: ST
A50: 3616308110302 | B50: GUCCI BM EDP 100 ML IV | C50: P_US_ALL_OTHERS | D50: Horses | E50: STLF | G50: TES,STLF,Simple Snaive | K50: CML
A51: 3616308110302 | B51: GUCCI BM EDP 100 ML IV | C51: P_US_ULTA | D51: Horses | E51: TES | G51: TES,STLF,Simple Snaive | K51: ST
A52: 4064941006657 | B52: KJ MU M LIQ K SET NEW MDIN808 KYLIE 23IV | C52: P_US_ALL_OTHERS | D52: Horses | E52: Simple Snaive | G52: TES,STLF,Simple Snaive | I52: 5040 | J52: 5040 | K52: CML
A53: 4064941006657 | B53: KJ MU M LIQ K SET NEW MDIN808 KYLIE 23IV | C53: P_US_ULTA | D53: Horses | E53: TES | F53: TES | G53: TES,STLF,Simple Snaive | I53: 48711 | J53: 48711 | K53: ST
A54: 4064941006671 | B54: KJ MU M LIQ K SET NWMDIN802 CANDY K 23IV | C54: P_US_ALL_OTHERS | D54: Horses | E54: TES | G54: TES,STLF,Simple Snaive | I54: 2716 | J54: 2716 | K54: LT
A55: 4064941006671 | B55: KJ MU M LIQ K SET NWMDIN802 CANDY K 23IV | C55: P_US_ULTA | D55: Horses | E55: TES | G55: TES,STLF,Simple Snaive | I55: 23766 | J55: 23766 | K55: LT
A56: 4064941006701 | B56: KJ MU M LIQ K SET MLTLPK 3ml1.1g 600 IV | C56: P_US_ALL_OTHERS | D56: Horses | E56: Simple Snaive | G56: TES,STLF,Simple Snaive | I56: 3980 | J56: 3980 | K56: ST
A57: 4064941006701 | B57: KJ MU M LIQ K SET MLTLPK 3ml1.1g 600 IV | C57: P_US_ULTA | D57: Horses | E57: TES | F57: STLF | G57: TES,STLF,Simple Snaive | I57: 34931 | J57: 34931 | K57: LT
A58: 4064941006800 | B58: KJ MU M LIQ K SET NMDIN 302 SNWWYBA 23IV | C58: P_US_ALL_OTHERS | D58: Horses | E58: TES | G58: TES,STLF,Simple Snaive | I58: 2384 | J58: 2384 | K58: ST
A59: 4064941006800 | B59: KJ MU M LIQ K SET NMDIN 302 SNWWYBA 23IV | C59: P_US_ULTA | D59: Horses | E59: TES | F59: TES | G59: TES,STLF,Simple Snaive | I59: 14435 | J59: 14435 | K59: LT
A60: 4064941006824 | B60: KJ MU M LIQ K SET NEWMDIN300 KOKO K 23IV | C60: P_US_ALL_OTHERS | D60: Horses | E60: TES | G60: TES,STLF,Simple Snaive | I60: 1928 | J60: 1928 | K60: CML
A61: 4064941006824 | B61: KJ MU M LIQ K SET NEWMDIN300 KOKO K 23IV | C61: P_US_ULTA | D61: Horses | E61: DES | F61: STLF | G61: DES,STLF,Weighted AOA | I61: 13500 | J61: 13500 | K61: ST
A62: 4064941006923 | B62: KJ MU M LIQ K SET NWMDIN100 POSIE K 23IV | C62: P_US_ALL_OTHERS | D62: Horses | E62: Simple Snaive | F62: TES | G62: TES,STLF,Simple Snaive | I62: 3578 | J62: 3578 | K62: ST
A63: 4064941006923 | B63: KJ MU M LIQ K SET NWMDIN100 POSIE K 23IV | C63: P_US_ULTA | D63: Horses | E63: TES | G63: TES,STLF,Simple Snaive | I63: 41523 | J63: 41523 | K63: ST
A64: 4064941006985 | B64: KJ MU V LIQ K MLTLPK 3ML 1.1G CHARM IV | C64: P_US_ALL_OTHERS | D64: Horses | E64: TES | G64: TES,STLF,Simple Snaive | I64: 1973 | J64: 1973 | K64: CML
A65: 4064941006985 | B65: KJ MU V LIQ K MLTLPK 3ML 1.1G CHARM IV | C65: P_US_ULTA | D65: Horses | E65: TES | G65: TES,STLF,Simple Snaive | I65: 9841 | J65: 9841 | K65: CML
A66: 4064941006992 | B66: KJ MU V LIQ K MLTLPK 3ML 1.1G BARE IV | C66: P_US_ALL_OTHERS | D66: Horses | E66: TES | G66: TES,STLF,Simple Snaive | I66: 1554 | J66: 1554 | K66: CML
A67: 4064941006992 | B67: KJ MU V LIQ K MLTLPK 3ML 1.1G BARE IV | C67: P_US_ULTA | D67: Horses | E67: TES | F67: TES | G67: TES,STLF,Simple Snaive | I67: 10797 | J67: 10797 | K67: CML
A68: 4064941008552 | B68: KJ MU M LIQ K SET NWMDIN403 BITE ME 23IV | C68: P_US_ALL_OTHERS | D68: Horses | E68: TES | G68: TES,STLF,Simple Snaive | I68: 3309 | J68: 3309 | K68: LT
A69: 4064941008552 | B69: KJ MU M LIQ K SET NWMDIN403 BITE ME 23IV | C69: P_US_ULTA | D69: Horses | E69: Weighted AOA | G69: DES,STLF,Weighted AOA | I69: 14501 | J69: 14501 | K69: LT
A70: 4064941008613 | B70: KJ MU V LIQ K MLTLPK 3ML 1.1G HARM IV | C70: P_US_ALL_OTHERS | D70: Horses | E70: Moving Average | G70: DES,STLF,Weighted AOA,Moving Average | I70: 2531 | J70: 2531 | K70: LT
A71: 4064941008613 | B71: KJ MU V LIQ K MLTLPK 3ML 1.1G HARM IV | C71: P_US_ULTA | D71: Horses | E71: TES | F71: TES | G71: TES,STLF,Simple Snaive | I71: 13746 | J71: 13746 | K71: ST
A72: 4064941008644 | B72: KJ MU V LIQ K MLTLPK 3G 1G PSK 100 VP IV | C72: P_US_ALL_OTHERS | D72: Horses | E72: Simple Snaive | G72: TES,STLF,Simple Snaive | I72: 2881 | J72: 2881 | K72: LT
A73: 4064941008644 | B73: KJ MU V LIQ K MLTLPK 3G 1G PSK 100 VP IV | C73: P_US_ULTA | D73: Horses | E73: TES | G73: TES,STLF,Simple Snaive | I73: 8514 | J73: 8514 | K73: LT
A74: 4064941008675 | B74: KJ MU M LIQ K SET NEW MDIN 700 BARE 23IV | C74: P_US_ALL_OTHERS | D74: Horses | E74: TES | G74: TES,STLF,Simple Snaive | I74: 2183 | J74: 2183 | K74: LT
A75: 4064941008675 | B75: KJ MU M LIQ K SET NEW MDIN 700 BARE 23IV | C75: P_US_ULTA | D75: Horses | E75: TES | G75: TES,STLF,Simple Snaive | I75: 12645 | J75: 12645 | K75: CML
A76: 4064941008682 | B76: KJ MU M LIQ K SET NWMDIN704 SWTRWTR 23IV | C76: P_US_ALL_OTHERS | D76: Mules | E76: Moving Average | G76: DES,STLF,Weighted AOA,Moving Average | I76: 208 | J76: 208 | K76: ST
A77: 4064941008682 | B77: KJ MU M LIQ K SET NWMDIN704 SWTRWTR 23IV | C77: P_US_ULTA | D77: Mules | E77: DES | G77: DES,STLF,Weighted AOA | I77: 13235 | J77: 13235 | K77: CML
A78: 4064941008699 | B78: KJ MU M LIQ K SET NWMDIN703 DOLCE K 23IV | C78: P_US_ALL_OTHERS | D78: Horses | E78: DES | G78: SES,Moving Average,DES | I78: 306 | J78: 306 | K78: LT
A79: 4064941008699 | B79: KJ MU M LIQ K SET NWMDIN703 DOLCE K 23IV | C79: P_US_ULTA | D79: Horses | E79: TES | G79: TES,STLF,Simple Snaive | I79: 25302 | J79: 25302 | K79: LT
A80: 4064941033608 | B80: KJ MU LSE PWD LOSPWD 5G 100 TRNSL VP IV | C80: P_US_ALL_OTHERS | D80: Horses | E80: STLF | G80: TES,STLF,Simple Snaive | I80: 1154 | J80: 1154 | K80: LT
A81: 4064941033608 | B81: KJ MU LSE PWD LOSPWD 5G 100 TRNSL VP IV | C81: P_US_ULTA | D81: Horses | E81: TES | F81: Simple Snaive | G81: TES,STLF,Simple Snaive | I81: 17785 | J81: 17785 | K81: CML
A82: 4064941078074 | B82: KJ MU PLMP GLS LG3.22ml 110MOQ PLUMPG IV | C82: P_US_ALL_OTHERS | D82: Rabbits | K82: ST
A83: 4064941078074 | B83: KJ MU PLMP GLS LG3.22ml 110MOQ PLUMPG IV | C83: P_US_ULTA | D83: Rabbits | E83: TES | G83: TES,STLF,Simple Snaive | I83: 1587 | J83: 1587 | K83: CML
A84: 4064941078081 | B84: KJ MU PLMP GLS LG3.22ml 343ROC PLUMPG IV | C84: P_US_ALL_OTHERS | D84: Mules | K84: ST
A85: 4064941078081 | B85: KJ MU PLMP GLS LG3.22ml 343ROC PLUMPG IV | C85: P_US_ULTA | D85: Mules | E85: STLF | F85: Simple Snaive | G85: TES,STLF,Simple Snaive | I85: 8629 | J85: 8629 | K85: LT
A86: 4064941078098 | B86: KJ MU PLMP GLS LG3.22ml 618CHM PLUMPG IV | C86: P_US_ALL_OTHERS | D86: Mules | K86: ST
A87: 4064941078098 | B87: KJ MU PLMP GLS LG3.22ml 618CHM PLUMPG IV | C87: P_US_ULTA | D87: Mules | E87: STLF | F87: TES | G87: TES,STLF,Simple Snaive | I87: 5063 | J87: 5063 | K87: LT
A88: 4064941088790 | B88: KJ MU TNT BB LCAREM 2.4G SHES LVLY619 IV | C88: P_US_ALL_OTHERS | D88: Mules | E88: TES | G88: TES,STLF,Simple Snaive | I88: 1557 | J88: 1557 | K88: CML
A89: 4064941088790 | B89: KJ MU TNT BB LCAREM 2.4G SHES LVLY619 IV | C89: P_US_ULTA | D89: Mules | E89: TES | F89: STLF | G89: TES,STLF,Simple Snaive | I89: 4747 | J89: 4747 | K89: ST
A90: 4064941088844 | B90: KJ MU TNT BB LCAREM 2.4G PNKMUPAT 338 IV | C90: P_US_ALL_OTHERS | D90: Horses | E90: TES | G90: TES,STLF,Simple Snaive | I90: 1843 | J90: 1843 | K90: CML
A91: 4064941088844 | B91: KJ MU TNT BB LCAREM 2.4G PNKMUPAT 338 IV | C91: P_US_ULTA | D91: Horses | E91: TES | G91: TES,STLF,Simple Snaive | I91: 12276 | J91: 12276 | K91: ST
A92: 4064941091400 | B92: KJ MU SUMMER LG 15 ML UNDRESTIMATD002 IV | C92: P_US_ALL_OTHERS | D92: Rabbits | K92: ST
A93: 4064941091400 | B93: KJ MU SUMMER LG 15 ML UNDRESTIMATD002 IV | C93: P_US_ULTA | D93: Rabbits | E93: DES | F93: Seasonal Naive YoY | G93: DES,STLF,Weighted AOA | H93: Seasonal Naive YoY | I93: 3392 | J93: 3392 | K93: LT
A94: 4064941092797 | B94: KJ MU ES PALET 16G BRONZE NUDES IV | C94: P_US_ALL_OTHERS | D94: Rabbits | E94: Simple Snaive | G94: TES,STLF,Simple Snaive | I94: 6416 | J94: 6416 | K94: CML
A95: 4064941092797 | B95: KJ MU ES PALET 16G BRONZE NUDES IV | C95: P_US_ULTA | D95: Rabbits | E95: Simple Snaive | G95: TES,STLF,Simple Snaive | I95: 259 | J95: 259 | K95: ST
A96: 4064941111719 | B96: KJ COSMIC EDP 100 ML FML IV | C96: P_US_ALL_OTHERS | D96: Horses | E96: DES | F96: SES | G96: SES,Moving Average,DES | I96: 15044 | J96: 15044 | K96: ST
A97: 4064941111719 | B97: KJ COSMIC EDP 100 ML FML IV | C97: P_US_ULTA | D97: Horses | E97: TES | F97: Simple Snaive | G97: TES,STLF,Simple Snaive | I97: 98937 | J97: 98937 | K97: ST
A98: 4064941112709 | B98: KJ MU MASC CRM 5ml 001VOLUME BTG IV | C98: P_US_ALL_OTHERS | D98: Mules | E98: STLF | G98: TES,STLF,Simple Snaive | I98: 1243 | J98: 1243 | K98: CML
A99: 4064941112709 | B99: KJ MU MASC CRM 5ml 001VOLUME BTG IV | C99: P_US_ULTA | D99: Mules | E99: Simple Snaive | G99: TES,STLF,Simple Snaive | I99: 9901 | J99: 9901 | K99: CML
A100: 4064941118183 | B100: KJ MU HIGH GLS LG 3.3 ML 808KYLIE VP IV | C100: P_US_ALL_OTHERS | D100: Horses | E100: Simple Snaive | G100: TES,STLF,Simple Snaive | I100: 931 | J100: 931 | K100: LT
...

Sheet _CALC
A1: EAN seleccionado | B1: =DASHBOARD!$C$5 | E1: Capa: System BestFit Final | F1: ="System BestFit Final"
A2: CFG seleccionado | B2: =DASHBOARD!$C$6 | E2: Capa: ST | F2: ="ST Stat Fcst"
A3: Combinado (1/0) | B3: =IF(OR($B$2="",$B$2=$B$23),1,0) | E3: Capa: LT | F3: ="LT Stat Fcst"
A4: Criterio CFG | B4: =IF($B$3=1,"*",$B$2) | E4: Capa: CML | F4: ="CML Fcst"
A5: Version actual | B5: =DASHBOARD!$C$7 | E5: Opcion algoritmo por defecto | F5: ="(ST BestFit)"
A6: Version snapshot | B6: =DASHBOARD!$C$8 | E6: Opcion sin cambio | F6: ="(SISTEMA)"
A7: Primer mes futuro | B7: =DASHBOARD!$C$9 | E7: Bucket ST | F7: ="ST"
A8: N meses detectados | B8: =COUNTIF($D$26:$AM$26,"?*") | E8: Bucket LT | F8: ="LT"
A9: N CFG del EAN | B9: =COUNTIF($B$113:$B$120,"?*") | E9: Bucket CML | F9: ="CML"
A10: CONSENSUS col Data | B10: =MATCH("Data",CONSENSUS!$1:$1,0) | E10: Pos. 1er mes futuro | F10: =IFERROR(MATCH(1,$D$30:$AM$30,0),1)
A11: CONSENSUS col EAN | B11: =MATCH("EAN",CONSENSUS!$1:$1,0) | E11: Pos. ultimo mes | F11: =MAX(1,$B$8)
A12: CONSENSUS col CFG | B12: =MATCH("CFG",CONSENSUS!$1:$1,0) | E12: Capa: System FC | F12: ="System FC - Final"
A13: CONSENSUS col Version | B13: =MATCH("Version Name",CONSENSUS!$1:$1,0) | E13: Capa: Consensus final | F13: ="Consensus - Final"
A14: BESTFIT col Data | B14: =MATCH("Data",BESTFIT!$1:$1,0) | E14: Filas halladas del EAN | F14: =COUNTIF(INDEX(CONSENSUS!$A$2:$BZ$20001,0,$B$11),$B$1)
A15: BESTFIT col Item | B15: =MATCH("ST Stat Item",BESTFIT!$1:$1,0) | E15: Capa: Consensus LY | F15: ="Consensus - Final LY M"
A16: BESTFIT col Account | B16: =MATCH("ST Stat Account",BESTFIT!$1:$1,0) | E16: Snapshot auto-detectado | F16: =IFERROR(IF(SUMPRODUCT(MIN(((INDEX(CONSENSUS!$A$2:$BZ$20001,0,$B$13)<>"")*(INDEX(CONSENSUS!$A$2:$BZ$20001,0,$B$13)<>$B$5))*(ROW(CONSENSUS!$A$2:$A$20001)-1)+(1-((INDEX(CONSENSUS!$A$2:$BZ$20001,0,$B$13)<>"")*(INDEX(CONSENSUS!$A$2:$BZ$20001,0,$B$13)<>$B$5)))*1000000))>=1000000,"",INDEX(INDEX(CONSENSUS!$A$2:$BZ$20001,0,$B$13),SUMPRODUCT(MIN(((INDEX(CONSENSUS!$A$2:$BZ$20001,0,$B$13)<>"")*(INDEX(CONSENSUS!$A$2:$BZ$20001,0,$B$13)<>$B$5))*(ROW(CONSENSUS!$A$2:$A$20001)-1)+(1-((INDEX(CONSENSUS!$A$2:$BZ$20001,0,$B$13)<>"")*(INDEX(CONSENSUS!$A$2:$BZ$20001,0,$B$13)<>$B$5)))*1000000)))),"")
A17: (libre) | E17: Primer mes futuro auto | F17: =IFERROR(TEXT(IF(VALUE(MID($B$6,13,2))=12,VALUE(MID($B$6,7,4))+1,VALUE(MID($B$6,7,4))),"0000")&".M"&TEXT(IF(VALUE(MID($B$6,13,2))=12,1,VALUE(MID($B$6,13,2))+1),"00"),$D$26)
A18: ALGO col Data | B18: =MATCH("Data",ALGO!$1:$1,0) | E18: Algoritmos activos | F18: =MAX($E$80:$E$109)
A19: ALGO col Item | B19: =MATCH("ST Stat Item",ALGO!$1:$1,0)
A20: ALGO col Account | B20: =MATCH("ST Stat Account",ALGO!$1:$1,0) | E20: House | F20: =IFERROR(INDEX(INDEX(CONSENSUS!$A$2:$BZ$20001,0,MATCH("House",CONSENSUS!$1:$1,0)),MATCH($B$1,INDEX(CONSENSUS!$A$2:$BZ$20001,0,$B$11),0)),"")
A21: ADHOC col Item | B21: =MATCH("ST Stat Item",ADHOC!$1:$1,0) | E21: Brand | F21: =IFERROR(INDEX(INDEX(CONSENSUS!$A$2:$BZ$20001,0,MATCH("Brand",CONSENSUS!$1:$1,0)),MATCH($B$1,INDEX(CONSENSUS!$A$2:$BZ$20001,0,$B$11),0)),"")
A22: ADHOC col Account | B22: =MATCH("ST Stat Account",ADHOC!$1:$1,0) | E22: Product Line | F22: =IFERROR(INDEX(INDEX(CONSENSUS!$A$2:$BZ$20001,0,MATCH("Product Line",CONSENSUS!$1:$1,0)),MATCH($B$1,INDEX(CONSENSUS!$A$2:$BZ$20001,0,$B$11),0)),"")
A23: Etiqueta "todos" | B23: ="(TODOS)" | E23: Descripcion | F23: =IFERROR(INDEX(INDEX(CONSENSUS!$A$2:$BZ$20001,0,MATCH("Planning Item Description",CONSENSUS!$1:$1,0)),MATCH($B$1,INDEX(CONSENSUS!$A$2:$BZ$20001,0,$B$11),0)),"")
A24: N interseccs. ALGO (filtro) | B24: =COUNTIFS(INDEX(ALGO!$A$2:$BZ$20001,0,$B$19),$B$1,INDEX(ALGO!$A$2:$BZ$20001,0,$B$20),$B$4,INDEX(ALGO!$A$2:$BZ$20001,0,$B$18),$B$80)
A26: Mes (cabecera fila 1) | D26: =IFERROR(IF(INDEX(CONSENSUS!$1:$1,$B$10+1)="","",INDEX(CONSENSUS!$1:$1,$B$10+1)),"") | E26: =IFERROR(IF(INDEX(CONSENSUS!$1:$1,$B$10+2)="","",INDEX(CONSENSUS!$1:$1,$B$10+2)),"") | F26: =IFERROR(IF(INDEX(CONSENSUS!$1:$1,$B$10+3)="","",INDEX(CONSENSUS!$1:$1,$B$10+3)),"") | G26: =IFERROR(IF(INDEX(CONSENSUS!$1:$1,$B$10+4)="","",INDEX(CONSENSUS!$1:$1,$B$10+4)),"") | H26: =IFERROR(IF(INDEX(CONSENSUS!$1:$1,$B$10+5)="","",INDEX(CONSENSUS!$1:$1,$B$10+5)),"") | I26: =IFERROR(IF(INDEX(CONSENSUS!$1:$1,$B$10+6)="","",INDEX(CONSENSUS!$1:$1,$B$10+6)),"") | J26: =IFERROR(IF(INDEX(CONSENSUS!$1:$1,$B$10+7)="","",INDEX(CONSENSUS!$1:$1,$B$10+7)),"") | K26: =IFERROR(IF(INDEX(CONSENSUS!$1:$1,$B$10+8)="","",INDEX(CONSENSUS!$1:$1,$B$10+8)),"") | L26: =IFERROR(IF(INDEX(CONSENSUS!$1:$1,$B$10+9)="","",INDEX(CONSENSUS!$1:$1,$B$10+9)),"") | M26: =IFERROR(IF(INDEX(CONSENSUS!$1:$1,$B$10+10)="","",INDEX(CONSENSUS!$1:$1,$B$10+10)),"") | N26: =IFERROR(IF(INDEX(CONSENSUS!$1:$1,$B$10+11)="","",INDEX(CONSENSUS!$1:$1,$B$10+11)),"") | O26: =IFERROR(IF(INDEX(CONSENSUS!$1:$1,$B$10+12)="","",INDEX(CONSENSUS!$1:$1,$B$10+12)),"") | P26: =IFERROR(IF(INDEX(CONSENSUS!$1:$1,$B$10+13)="","",INDEX(CONSENSUS!$1:$1,$B$10+13)),"") | Q26: =IFERROR(IF(INDEX(CONSENSUS!$1:$1,$B$10+14)="","",INDEX(CONSENSUS!$1:$1,$B$10+14)),"") | R26: =IFERROR(IF(INDEX(CONSENSUS!$1:$1,$B$10+15)="","",INDEX(CONSENSUS!$1:$1,$B$10+15)),"") | S26: =IFERROR(IF(INDEX(CONSENSUS!$1:$1,$B$10+16)="","",INDEX(CONSENSUS!$1:$1,$B$10+16)),"") | T26: =IFERROR(IF(INDEX(CONSENSUS!$1:$1,$B$10+17)="","",INDEX(CONSENSUS!$1:$1,$B$10+17)),"") | U26: =IFERROR(IF(INDEX(CONSENSUS!$1:$1,$B$10+18)="","",INDEX(CONSENSUS!$1:$1,$B$10+18)),"") | V26: =IFERROR(IF(INDEX(CONSENSUS!$1:$1,$B$10+19)="","",INDEX(CONSENSUS!$1:$1,$B$10+19)),"") | W26: =IFERROR(IF(INDEX(CONSENSUS!$1:$1,$B$10+20)="","",INDEX(CONSENSUS!$1:$1,$B$10+20)),"") | X26: =IFERROR(IF(INDEX(CONSENSUS!$1:$1,$B$10+21)="","",INDEX(CONSENSUS!$1:$1,$B$10+21)),"") | Y26: =IFERROR(IF(INDEX(CONSENSUS!$1:$1,$B$10+22)="","",INDEX(CONSENSUS!$1:$1,$B$10+22)),"") | Z26: =IFERROR(IF(INDEX(CONSENSUS!$1:$1,$B$10+23)="","",INDEX(CONSENSUS!$1:$1,$B$10+23)),"") | AA26: =IFERROR(IF(INDEX(CONSENSUS!$1:$1,$B$10+24)="","",INDEX(CONSENSUS!$1:$1,$B$10+24)),"") | AB26: =IFERROR(IF(INDEX(CONSENSUS!$1:$1,$B$10+25)="","",INDEX(CONSENSUS!$1:$1,$B$10+25)),"") | AC26: =IFERROR(IF(INDEX(CONSENSUS!$1:$1,$B$10+26)="","",INDEX(CONSENSUS!$1:$1,$B$10+26)),"") | AD26: =IFERROR(IF(INDEX(CONSENSUS!$1:$1,$B$10+27)="","",INDEX(CONSENSUS!$1:$1,$B$10+27)),"") | AE26: =IFERROR(IF(INDEX(CONSENSUS!$1:$1,$B$10+28)="","",INDEX(CONSENSUS!$1:$1,$B$10+28)),"") | AF26: =IFERROR(IF(INDEX(CONSENSUS!$1:$1,$B$10+29)="","",INDEX(CONSENSUS!$1:$1,$B$10+29)),"") | AG26: =IFERROR(IF(INDEX(CONSENSUS!$1:$1,$B$10+30)="","",INDEX(CONSENSUS!$1:$1,$B$10+30)),"") | AH26: =IFERROR(IF(INDEX(CONSENSUS!$1:$1,$B$10+31)="","",INDEX(CONSENSUS!$1:$1,$B$10+31)),"") | AI26: =IFERROR(IF(INDEX(CONSENSUS!$1:$1,$B$10+32)="","",INDEX(CONSENSUS!$1:$1,$B$10+32)),"") | AJ26: =IFERROR(IF(INDEX(CONSENSUS!$1:$1,$B$10+33)="","",INDEX(CONSENSUS!$1:$1,$B$10+33)),"") | AK26: =IFERROR(IF(INDEX(CONSENSUS!$1:$1,$B$10+34)="","",INDEX(CONSENSUS!$1:$1,$B$10+34)),"") | AL26: =IFERROR(IF(INDEX(CONSENSUS!$1:$1,$B$10+35)="","",INDEX(CONSENSUS!$1:$1,$B$10+35)),"") | AM26: =IFERROR(IF(INDEX(CONSENSUS!$1:$1,$B$10+36)="","",INDEX(CONSENSUS!$1:$1,$B$10+36)),"")
A27: col CONSENSUS | D27: =IF(D$26="","",$B$10+1) | E27: =IF(E$26="","",$B$10+2) | F27: =IF(F$26="","",$B$10+3) | G27: =IF(G$26="","",$B$10+4) | H27: =IF(H$26="","",$B$10+5) | I27: =IF(I$26="","",$B$10+6) | J27: =IF(J$26="","",$B$10+7) | K27: =IF(K$26="","",$B$10+8) | L27: =IF(L$26="","",$B$10+9) | M27: =IF(M$26="","",$B$10+10) | N27: =IF(N$26="","",$B$10+11) | O27: =IF(O$26="","",$B$10+12) | P27: =IF(P$26="","",$B$10+13) | Q27: =IF(Q$26="","",$B$10+14) | R27: =IF(R$26="","",$B$10+15) | S27: =IF(S$26="","",$B$10+16) | T27: =IF(T$26="","",$B$10+17) | U27: =IF(U$26="","",$B$10+18) | V27: =IF(V$26="","",$B$10+19) | W27: =IF(W$26="","",$B$10+20) | X27: =IF(X$26="","",$B$10+21) | Y27: =IF(Y$26="","",$B$10+22) | Z27: =IF(Z$26="","",$B$10+23) | AA27: =IF(AA$26="","",$B$10+24) | AB27: =IF(AB$26="","",$B$10+25) | AC27: =IF(AC$26="","",$B$10+26) | AD27: =IF(AD$26="","",$B$10+27) | AE27: =IF(AE$26="","",$B$10+28) | AF27: =IF(AF$26="","",$B$10+29) | AG27: =IF(AG$26="","",$B$10+30) | AH27: =IF(AH$26="","",$B$10+31) | AI27: =IF(AI$26="","",$B$10+32) | AJ27: =IF(AJ$26="","",$B$10+33) | AK27: =IF(AK$26="","",$B$10+34) | AL27: =IF(AL$26="","",$B$10+35) | AM27: =IF(AM$26="","",$B$10+36)
A28: col BESTFIT | D28: =IF(D$26="","",IFERROR(MATCH(D$26,BESTFIT!$1:$1,0),"")) | E28: =IF(E$26="","",IFERROR(MATCH(E$26,BESTFIT!$1:$1,0),"")) | F28: =IF(F$26="","",IFERROR(MATCH(F$26,BESTFIT!$1:$1,0),"")) | G28: =IF(G$26="","",IFERROR(MATCH(G$26,BESTFIT!$1:$1,0),"")) | H28: =IF(H$26="","",IFERROR(MATCH(H$26,BESTFIT!$1:$1,0),"")) | I28: =IF(I$26="","",IFERROR(MATCH(I$26,BESTFIT!$1:$1,0),"")) | J28: =IF(J$26="","",IFERROR(MATCH(J$26,BESTFIT!$1:$1,0),"")) | K28: =IF(K$26="","",IFERROR(MATCH(K$26,BESTFIT!$1:$1,0),"")) | ... AM28: =IF(AM$26="","",IFERROR(MATCH(AM$26,BESTFIT!$1:$1,0),""))
A29: col ALGO | D29: =IF(D$26="","",IFERROR(MATCH(D$26,ALGO!$1:$1,0),"")) | E29: =IF(E$26="","",IFERROR(MATCH(E$26,ALGO!$1:$1,0),"")) | F29: =IF(F$26="","",IFERROR(MATCH(F$26,ALGO!$1:$1,0),"")) | G29: =IF(G$26="","",IFERROR(MATCH(G$26,ALGO!$1:$1,0),"")) | H29: =IF(H$26="","",IFERROR(MATCH(H$26,ALGO!$1:$1,0),"")) | I29: =IF(I$26="","",IFERROR(MATCH(I$26,ALGO!$1:$1,0),"")) | J29: =IF(J$26="","",IFERROR(MATCH(J$26,ALGO!$1:$1,0),"")) | K29: =IF(K$26="","",IFERROR(MATCH(K$26,ALGO!$1:$1,0),"")) | ... AM29: =IF(AM$26="","",IFERROR(MATCH(AM$26,ALGO!$1:$1,0),""))
A30: futuro (1/0) | D30: =IF(D$26="","",IF(D$26>=$B$7,1,0)) | E30: =IF(E$26="","",IF(E$26>=$B$7,1,0)) | F30: =IF(F$26="","",IF(F$26>=$B$7,1,0)) | G30: =IF(G$26="","",IF(G$26>=$B$7,1,0)) | H30: =IF(H$26="","",IF(H$26>=$B$7,1,0)) | I30: =IF(I$26="","",IF(I$26>=$B$7,1,0)) | J30: =IF(J$26="","",IF(J$26>=$B$7,1,0)) | K30: =IF(K$26="","",IF(K$26>=$B$7,1,0)) | ... AM30: =IF(AM$26="","",IF(AM$26>=$B$7,1,0))
A31: Etiqueta del eje X | D31: =IF(D$26="","",IF(D$30=0,D$26&" (hist)",D$26)) | E31: =IF(E$26="","",IF(E$30=0,E$26&" (hist)",E$26)) | F31: =IF(F$26="","",IF(F$30=0,F$26&" (hist)",F$26)) | G31: =IF(G$26="","",IF(G$30=0,G$26&" (hist)",G$26)) | H31: =IF(H$26="","",IF(H$30=0,H$26&" (hist)",H$26)) | I31: =IF(I$26="","",IF(I$30=0,I$26&" (hist)",I$26)) | J31: =IF(J$26="","",IF(J$30=0,J$26&" (hist)",J$26)) | K31: =IF(K$26="","",IF(K$30=0,K$26&" (hist)",K$26)) | ... AM31: =IF(AM$26="","",IF(AM$30=0,AM$26&" (hist)",AM$26))
A33: Capa origen | B33: Etiqueta de la serie | C33: Aviso
A34: =$F$13 | B34: =$A34&" | "&$B$5 | D34: =IF(OR(D$27="",D56=0),NA(),SUMIFS(INDEX(CONSENSUS!$A$2:$BZ$20001,0,D$27),INDEX(CONSENSUS!$A$2:$BZ$20001,0,$B$11),$B$1,INDEX(CONSENSUS!$A$2:$BZ$20001,0,$B$12),$B$4,INDEX(CONSENSUS!$A$2:$BZ$20001,0,$B$13),$B$5,INDEX(CONSENSUS!$A$2:$BZ$20001,0,$B$10),$A34)) | E34: =IF(OR(E$27="",E56=0),NA(),SUMIFS(INDEX(CONSENSUS!$A$2:$BZ$20001,0,E$27),INDEX(CONSENSUS!$A$2:$BZ$20001,0,$B$11),$B$1,INDEX(CONSENSUS!$A$2:$BZ$20001,0,$B$12),$B$4,INDEX(CONSENSUS!$A$2:$BZ$20001,0,$B$13),$B$5,INDEX(CONSENSUS!$A$2:$BZ$20001,0,$B$10),$A34)) | F34: =IF(OR(F$27="",F56=0),NA(),SUMIFS(INDEX(CONSENSUS!$A$2:$BZ$20001,0,F$27),INDEX(CONSENSUS!$A$2:$BZ$20001,0,$B$11),$B$1,INDEX(CONSENSUS!$A$2:$BZ$20001,0,$B$12),$B$4,INDEX(CONSENSUS!$A$2:$BZ$20001,0,$B$13),$B$5,INDEX(CONSENSUS!$A$2:$BZ$20001,0,$B$10),$A34)) | G34: =IF(OR(G$27="",G56=0),NA(),SUMIFS(INDEX(CONSENSUS!$A$2:$BZ$20001,0,G$27),INDEX(CONSENSUS!$A$2:$BZ$20001,0,$B$11),$B$1,INDEX(CONSENSUS!$A$2:$BZ$20001,0,$B$12),$B$4,INDEX(CONSENSUS!$A$2:$BZ$20001,0,$B$13),$B$5,INDEX(CONSENSUS!$A$2:$BZ$20001,0,$B$10),$A34)) | H34: =IF(OR(H$27="",H56=0),NA(),SUMIFS(INDEX(CONSENSUS!$A$2:$BZ$20001,0,H$27),INDEX(CONSENSUS!$A$2:$BZ$20001,0,$B$11),$B$1,INDEX(CONSENSUS!$A$2:$BZ$20001,0,$B$12),$B$4,INDEX(CONSENSUS!$A$2:$BZ$20001,0,$B$13),$B$5,INDEX(CONSENSUS!$A$2:$BZ$20001,0,$B$10),$A34)) | I34: =IF(OR(I$27="",I56=0),NA(),SUMIFS(INDEX(CONSENSUS!$A$2:$BZ$20001,0,I$27),INDEX(CONSENSUS!$A$2:$BZ$20001,0,$B$11),$B$1,INDEX(CONSENSUS!$A$2:$BZ$20001,0,$B$12),$B$4,INDEX(CONSENSUS!$A$2:$BZ$20001,0,$B$13),$B$5,INDEX(CONSENSUS!$A$2:$BZ$20001,0,$B$10),$A34)) | J34: =IF(OR(J$27="",J56=0),NA(),SUMIFS(INDEX(CONSENSUS!$A$2:$BZ$20001,0,J$27),INDEX(CONSENSUS!$A$2:$BZ$20001,0,$B$11),$B$1,INDEX(CONSENSUS!$A$2:$BZ$20001,0,$B$12),$B$4,INDEX(CONSENSUS!$A$2:$BZ$20001,0,$B$13),$B$5,INDEX(CONSENSUS!$A$2:$BZ$20001,0,$B$10),$A34)) | K34: =IF(OR(K$27="",K56=0),NA(),SUMIFS(INDEX(CONSENSUS!$A$2:$BZ$20001,0,K$27),INDEX(CONSENSUS!$A$2:$BZ$20001,0,$B$11),$B$1,INDEX(CONSENSUS!$A$2:$BZ$20001,0,$B$12),$B$4,INDEX(CONSENSUS!$A$2:$BZ$20001,0,$B$13),$B$5,INDEX(CONSENSUS!$A$2:$BZ$20001,0,$B$10),$A34)) | ... AM34: =IF(OR(AM$27="",AM56=0),NA(),SUMIFS(INDEX(CONSENSUS!$A$2:$BZ$20001,0,AM$27),INDEX(CONSENSUS!$A$2:$BZ$20001,0,$B$11),$B$1,INDEX(CONSENSUS!$A$2:$BZ$20001,0,$B$12),$B$4,INDEX(CONSENSUS!$A$2:$BZ$20001,0,$B$13),$B$5,INDEX(CONSENSUS!$A$2:$BZ$20001,0,$B$10),$A34))
A35: =$F$13 | B35: =$A35&" | "&$B$6 | D35: =IF(OR(D$27="",D57=0),NA(),SUMIFS(INDEX(CONSENSUS!$A$2:$BZ$20001,0,D$27),INDEX(CONSENSUS!$A$2:$BZ$20001,0,$B$11),$B$1,INDEX(CONSENSUS!$A$2:$BZ$20001,0,$B$12),$B$4,INDEX(CONSENSUS!$A$2:$BZ$20001,0,$B$13),$B$6,INDEX(CONSENSUS!$A$2:$BZ$20001,0,$B$10),$A35)) | E35: =IF(OR(E$27="",E57=0),NA(),SUMIFS(INDEX(CONSENSUS!$A$2:$BZ$20001,0,E$27),INDEX(CONSENSUS!$A$2:$BZ$20001,0,$B$11),$B$1,INDEX(CONSENSUS!$A$2:$BZ$20001,0,$B$12),$B$4,INDEX(CONSENSUS!$A$2:$BZ$20001,0,$B$13),$B$6,INDEX(CONSENSUS!$A$2:$BZ$20001,0,$B$10),$A35)) | F35: =IF(OR(F$27="",F57=0),NA(),SUMIFS(INDEX(CONSENSUS!$A$2:$BZ$20001,0,F$27),INDEX(CONSENSUS!$A$2:$BZ$20001,0,$B$11),$B$1,INDEX(CONSENSUS!$A$2:$BZ$20001,0,$B$12),$B$4,INDEX(CONSENSUS!$A$2:$BZ$20001,0,$B$13),$B$6,INDEX(CONSENSUS!$A$2:$BZ$20001,0,$B$10),$A35)) | G35: =IF(OR(G$27="",G57=0),NA(),SUMIFS(INDEX(CONSENSUS!$A$2:$BZ$20001,0,G$27),INDEX(CONSENSUS!$A$2:$BZ$20001,0,$B$11),$B$1,INDEX(CONSENSUS!$A$2:$BZ$20001,0,$B$12),$B$4,INDEX(CONSENSUS!$A$2:$BZ$20001,0,$B$13),$B$6,INDEX(CONSENSUS!$A$2:$BZ$20001,0,$B$10),$A35)) | H35: =IF(OR(H$27="",H57=0),NA(),SUMIFS(INDEX(CONSENSUS!$A$2:$BZ$20001,0,H$27),INDEX(CONSENSUS!$A$2:$BZ$20001,0,$B$11),$B$1,INDEX(CONSENSUS!$A$2:$BZ$20001,0,$B$12),$B$4,INDEX(CONSENSUS!$A$2:$BZ$20001,0,$B$13),$B$6,INDEX(CONSENSUS!$A$2:$BZ$20001,0,$B$10),$A35)) | I35: =IF(OR(I$27="",I57=0),NA(),SUMIFS(INDEX(CONSENSUS!$A$2:$BZ$20001,0,I$27),INDEX(CONSENSUS!$A$2:$BZ$20001,0,$B$11),$B$1,INDEX(CONSENSUS!$A$2:$BZ$20001,0,$B$12),$B$4,INDEX(CONSENSUS!$A$2:$BZ$20001,0,$B$13),$B$6,INDEX(CONSENSUS!$A$2:$BZ$20001,0,$B$10),$A35)) | J35: =IF(OR(J$27="",J57=0),NA(),SUMIFS(INDEX(CONSENSUS!$A$2:$BZ$20001,0,J$27),INDEX(CONSENSUS!$A$2:$BZ$20001,0,$B$11),$B$1,INDEX(CONSENSUS!$A$2:$BZ$20001,0,$B$12),$B$4,INDEX(CONSENSUS!$A$2:$BZ$20001,0,$B$13),$B$6,INDEX(CONSENSUS!$A$2:$BZ$20001,0,$B$10),$A35)) | K35: =IF(OR(K$27="",K57=0),NA(),SUMIFS(INDEX(CONSENSUS!$A$2:$BZ$20001,0,K$27),INDEX(CONSENSUS!$A$2:$BZ$20001,0,$B$11),$B$1,INDEX(CONSENSUS!$A$2:$BZ$20001,0,$B$12),$B$4,INDEX(CONSENSUS!$A$2:$BZ$20001,0,$B$13),$B$6,INDEX(CONSENSUS!$A$2:$BZ$20001,0,$B$10),$A35)) | ... AM35: =IF(OR(AM$27="",AM57=0),NA(),SUMIFS(INDEX(CONSENSUS!$A$2:$BZ$20001,0,AM$27),INDEX(CONSENSUS!$A$2:$BZ$20001,0,$B$11),$B$1,INDEX(CONSENSUS!$A$2:$BZ$20001,0,$B$12),$B$4,INDEX(CONSENSUS!$A$2:$BZ$20001,0,$B$13),$B$6,INDEX(CONSENSUS!$A$2:$BZ$20001,0,$B$10),$A35))
A36: =$F$15 | B36: =$A36&" | "&$B$5 | D36: =IF(OR(D$27="",D58=0),NA(),SUMIFS(INDEX(CONSENSUS!$A$2:$BZ$20001,0,D$27),INDEX(CONSENSUS!$A$2:$BZ$20001,0,$B$11),$B$1,INDEX(CONSENSUS!$A$2:$BZ$20001,0,$B$12),$B$4,INDEX(CONSENSUS!$A$2:$BZ$20001,0,$B$13),$B$5,INDEX(CONSENSUS!$A$2:$BZ$20001,0,$B$10),$A36)) | E36: =IF(OR(E$27="",E58=0),NA(),SUMIFS(INDEX(CONSENSUS!$A$2:$BZ$20001,0,E$27),INDEX(CONSENSUS!$A$2:$BZ$20001,0,$B$11),$B$1,INDEX(CONSENSUS!$A$2:$BZ$20001,0,$B$12),$B$4,INDEX(CONSENSUS!$A$2:$BZ$20001,0,$B$13),$B$5,INDEX(CONSENSUS!$A$2:$BZ$20001,0,$B$10),$A36)) | F36: =IF(OR(F$27="",F58=0),NA(),SUMIFS(INDEX(CONSENSUS!$A$2:$BZ$20001,0,F$27),INDEX(CONSENSUS!$A$2:$BZ$20001,0,$B$11),$B$1,INDEX(CONSENSUS!$A$2:$BZ$20001,0,$B$12),$B$4,INDEX(CONSENSUS!$A$2:$BZ$20001,0,$B$13),$B$5,INDEX(CONSENSUS!$A$2:$BZ$20001,0,$B$10),$A36)) | G36: =IF(OR(G$27="",G58=0),NA(),SUMIFS(INDEX(CONSENSUS!$A$2:$BZ$20001,0,G$27),INDEX(CONSENSUS!$A$2:$BZ$20001,0,$B$11),$B$1,INDEX(CONSENSUS!$A$2:$BZ$20001,0,$B$12),$B$4,INDEX(CONSENSUS!$A$2:$BZ$20001,0,$B$13),$B$5,INDEX(CONSENSUS!$A$2:$BZ$20001,0,$B$10),$A36)) | H36: =IF(OR(H$27="",H58=0),NA(),SUMIFS(INDEX(CONSENSUS!$A$2:$BZ$20001,0,H$27),INDEX(CONSENSUS!$A$2:$BZ$20001,0,$B$11),$B$1,INDEX(CONSENSUS!$A$2:$BZ$20001,0,$B$12),$B$4,INDEX(CONSENSUS!$A$2:$BZ$20001,0,$B$13),$B$5,INDEX(CONSENSUS!$A$2:$BZ$20001,0,$B$10),$A36)) | I36: =IF(OR(I$27="",I58=0),NA(),SUMIFS(INDEX(CONSENSUS!$A$2:$BZ$20001,0,I$27),INDEX(CONSENSUS!$A$2:$BZ$20001,0,$B$11),$B$1,INDEX(CONSENSUS!$A$2:$BZ$20001,0,$B$12),$B$4,INDEX(CONSENSUS!$A$2:$BZ$20001,0,$B$13),$B$5,INDEX(CONSENSUS!$A$2:$BZ$20001,0,$B$10),$A36)) | J36: =IF(OR(J$27="",J58=0),NA(),SUMIFS(INDEX(CONSENSUS!$A$2:$BZ$20001,0,J$27),INDEX(CONSENSUS!$A$2:$BZ$20001,0,$B$11),$B$1,INDEX(CONSENSUS!$A$2:$BZ$20001,0,$B$12),$B$4,INDEX(CONSENSUS!$A$2:$BZ$20001,0,$B$13),$B$5,INDEX(CONSENSUS!$A$2:$BZ$20001,0,$B$10),$A36)) | K36: =IF(OR(K$27="",K58=0),NA(),SUMIFS(INDEX(CONSENSUS!$A$2:$BZ$20001,0,K$27),INDEX(CONSENSUS!$A$2:$BZ$20001,0,$B$11),$B$1,INDEX(CONSENSUS!$A$2:$BZ$20001,0,$B$12),$B$4,INDEX(CONSENSUS!$A$2:$BZ$20001,0,$B$13),$B$5,INDEX(CONSENSUS!$A$2:$BZ$20001,0,$B$10),$A36)) | ... AM36: =IF(OR(AM$27="",AM58=0),NA(),SUMIFS(INDEX(CONSENSUS!$A$2:$BZ$20001,0,AM$27),INDEX(CONSENSUS!$A$2:$BZ$20001,0,$B$11),$B$1,INDEX(CONSENSUS!$A$2:$BZ$20001,0,$B$12),$B$4,INDEX(CONSENSUS!$A$2:$BZ$20001,0,$B$13),$B$5,INDEX(CONSENSUS!$A$2:$BZ$20001,0,$B$10),$A36))
A37: =$F$12 | B37: =$A37&" | "&$B$5 | D37: =IF(OR(D$27="",D59=0),NA(),SUMIFS(INDEX(CONSENSUS!$A$2:$BZ$20001,0,D$27),INDEX(CONSENSUS!$A$2:$BZ$20001,0,$B$11),$B$1,INDEX(CONSENSUS!$A$2:$BZ$20001,0,$B$12),$B$4,INDEX(CONSENSUS!$A$2:$BZ$20001,0,$B$13),$B$5,INDEX(CONSENSUS!$A$2:$BZ$20001,0,$B$10),$A37)) | E37: =IF(OR(E$27="",E59=0),NA(),SUMIFS(INDEX(CONSENSUS!$A$2:$BZ$20001,0,E$27),INDEX(CONSENSUS!$A$2:$BZ$20001,0,$B$11),$B$1,INDEX(CONSENSUS!$A$2:$BZ$20001,0,$B$12),$B$4,INDEX(CONSENSUS!$A$2:$BZ$20001,0,$B$13),$B$5,INDEX(CONSENSUS!$A$2:$BZ$20001,0,$B$10),$A37)) | F37: =IF(OR(F$27="",F59=0),NA(),SUMIFS(INDEX(CONSENSUS!$A$2:$BZ$20001,0,F$27),INDEX(CONSENSUS!$A$2:$BZ$20001,0,$B$11),$B$1,INDEX(CONSENSUS!$A$2:$BZ$20001,0,$B$12),$B$4,INDEX(CONSENSUS!$A$2:$BZ$20001,0,$B$13),$B$5,INDEX(CONSENSUS!$A$2:$BZ$20001,0,$B$10),$A37)) | G37: =IF(OR(G$27="",G59=0),NA(),SUMIFS(INDEX(CONSENSUS!$A$2:$BZ$20001,0,G$27),INDEX(CONSENSUS!$A$2:$BZ$20001,0,$B$11),$B$1,INDEX(CONSENSUS!$A$2:$BZ$20001,0,$B$12),$B$4,INDEX(CONSENSUS!$A$2:$BZ$20001,0,$B$13),$B$5,INDEX(CONSENSUS!$A$2:$BZ$20001,0,$B$10),$A37)) | H37: =IF(OR(H$27="",H59=0),NA(),SUMIFS(INDEX(CONSENSUS!$A$2:$BZ$20001,0,H$27),INDEX(CONSENSUS!$A$2:$BZ$20001,0,$B$11),$B$1,INDEX(CONSENSUS!$A$2:$BZ$20001,0,$B$12),$B$4,INDEX(CONSENSUS!$A$2:$BZ$20001,0,$B$13),$B$5,INDEX(CONSENSUS!$A$2:$BZ$20001,0,$B$10),$A37)) | I37: =IF(OR(I$27="",I59=0),NA(),SUMIFS(INDEX(CONSENSUS!$A$2:$BZ$20001,0,I$27),INDEX(CONSENSUS!$A$2:$BZ$20001,0,$B$11),$B$1,INDEX(CONSENSUS!$A$2:$BZ$20001,0,$B$12),$B$4,INDEX(CONSENSUS!$A$2:$BZ$20001,0,$B$13),$B$5,INDEX(CONSENSUS!$A$2:$BZ$20001,0,$B$10),$A37)) | J37: =IF(OR(J$27="",J59=0),NA(),SUMIFS(INDEX(CONSENSUS!$A$2:$BZ$20001,0,J$27),INDEX(CONSENSUS!$A$2:$BZ$20001,0,$B$11),$B$1,INDEX(CONSENSUS!$A$2:$BZ$20001,0,$B$12),$B$4,INDEX(CONSENSUS!$A$2:$BZ$20001,0,$B$13),$B$5,INDEX(CONSENSUS!$A$2:$BZ$20001,0,$B$10),$A37)) | K37: =IF(OR(K$27="",K59=0),NA(),SUMIFS(INDEX(CONSENSUS!$A$2:$BZ$20001,0,K$27),INDEX(CONSENSUS!$A$2:$BZ$20001,0,$B$11),$B$1,INDEX(CONSENSUS!$A$2:$BZ$20001,0,$B$12),$B$4,INDEX(CONSENSUS!$A$2:$BZ$20001,0,$B$13),$B$5,INDEX(CONSENSUS!$A$2:$BZ$20001,0,$B$10),$A37)) | ... AM37: =IF(OR(AM$27="",AM59=0),NA(),SUMIFS(INDEX(CONSENSUS!$A$2:$BZ$20001,0,AM$27),INDEX(CONSENSUS!$A$2:$BZ$20001,0,$B$11),$B$1,INDEX(CONSENSUS!$A$2:$BZ$20001,0,$B$12),$B$4,INDEX(CONSENSUS!$A$2:$BZ$20001,0,$B$13),$B$5,INDEX(CONSENSUS!$A$2:$BZ$20001,0,$B$10),$A37))
A38: =$F$4 | B38: =$A38&" | BestFit" | D38: =IF(OR(D$28="",D60=0),NA(),SUMIFS(INDEX(BESTFIT!$A$2:$BZ$20001,0,D$28),INDEX(BESTFIT!$A$2:$BZ$20001,0,$B$15),$B$1,INDEX(BESTFIT!$A$2:$BZ$20001,0,$B$16),$B$4,INDEX(BESTFIT!$A$2:$BZ$20001,0,$B$14),$A38)) | E38: =IF(OR(E$28="",E60=0),NA(),SUMIFS(INDEX(BESTFIT!$A$2:$BZ$20001,0,E$28),INDEX(BESTFIT!$A$2:$BZ$20001,0,$B$15),$B$1,INDEX(BESTFIT!$A$2:$BZ$20001,0,$B$16),$B$4,INDEX(BESTFIT!$A$2:$BZ$20001,0,$B$14),$A38)) | F38: =IF(OR(F$28="",F60=0),NA(),SUMIFS(INDEX(BESTFIT!$A$2:$BZ$20001,0,F$28),INDEX(BESTFIT!$A$2:$BZ$20001,0,$B$15),$B$1,INDEX(BESTFIT!$A$2:$BZ$20001,0,$B$16),$B$4,INDEX(BESTFIT!$A$2:$BZ$20001,0,$B$14),$A38)) | G38: =IF(OR(G$28="",G60=0),NA(),SUMIFS(INDEX(BESTFIT!$A$2:$BZ$20001,0,G$28),INDEX(BESTFIT!$A$2:$BZ$20001,0,$B$15),$B$1,INDEX(BESTFIT!$A$2:$BZ$20001,0,$B$16),$B$4,INDEX(BESTFIT!$A$2:$BZ$20001,0,$B$14),$A38)) | H38: =IF(OR(H$28="",H60=0),NA(),SUMIFS(INDEX(BESTFIT!$A$2:$BZ$20001,0,H$28),INDEX(BESTFIT!$A$2:$BZ$20001,0,$B$15),$B$1,INDEX(BESTFIT!$A$2:$BZ$20001,0,$B$16),$B$4,INDEX(BESTFIT!$A$2:$BZ$20001,0,$B$14),$A38)) | I38: =IF(OR(I$28="",I60=0),NA(),SUMIFS(INDEX(BESTFIT!$A$2:$BZ$20001,0,I$28),INDEX(BESTFIT!$A$2:$BZ$20001,0,$B$15),$B$1,INDEX(BESTFIT!$A$2:$BZ$20001,0,$B$16),$B$4,INDEX(BESTFIT!$A$2:$BZ$20001,0,$B$14),$A38)) | J38: =IF(OR(J$28="",J60=0),NA(),SUMIFS(INDEX(BESTFIT!$A$2:$BZ$20001,0,J$28),INDEX(BESTFIT!$A$2:$BZ$20001,0,$B$15),$B$1,INDEX(BESTFIT!$A$2:$BZ$20001,0,$B$16),$B$4,INDEX(BESTFIT!$A$2:$BZ$20001,0,$B$14),$A38)) | K38: =IF(OR(K$28="",K60=0),NA(),SUMIFS(INDEX(BESTFIT!$A$2:$BZ$20001,0,K$28),INDEX(BESTFIT!$A$2:$BZ$20001,0,$B$15),$B$1,INDEX(BESTFIT!$A$2:$BZ$20001,0,$B$16),$B$4,INDEX(BESTFIT!$A$2:$BZ$20001,0,$B$14),$A38)) | ... AM38: =IF(OR(AM$28="",AM60=0),NA(),SUMIFS(INDEX(BESTFIT!$A$2:$BZ$20001,0,AM$28),INDEX(BESTFIT!$A$2:$BZ$20001,0,$B$15),$B$1,INDEX(BESTFIT!$A$2:$BZ$20001,0,$B$16),$B$4,INDEX(BESTFIT!$A$2:$BZ$20001,0,$B$14),$A38))
A39: =$F$2 | B39: =$A39&" | BestFit" | D39: =IF(OR(D$28="",D61=0),NA(),SUMIFS(INDEX(BESTFIT!$A$2:$BZ$20001,0,D$28),INDEX(BESTFIT!$A$2:$BZ$20001,0,$B$15),$B$1,INDEX(BESTFIT!$A$2:$BZ$20001,0,$B$16),$B$4,INDEX(BESTFIT!$A$2:$BZ$20001,0,$B$14),$A39)) | E39: =IF(OR(E$28="",E61=0),NA(),SUMIFS(INDEX(BESTFIT!$A$2:$BZ$20001,0,E$28),INDEX(BESTFIT!$A$2:$BZ$20001,0,$B$15),$B$1,INDEX(BESTFIT!$A$2:$BZ$20001,0,$B$16),$B$4,INDEX(BESTFIT!$A$2:$BZ$20001,0,$B$14),$A39)) | F39: =IF(OR(F$28="",F61=0),NA(),SUMIFS(INDEX(BESTFIT!$A$2:$BZ$20001,0,F$28),INDEX(BESTFIT!$A$2:$BZ$20001,0,$B$15),$B$1,INDEX(BESTFIT!$A$2:$BZ$20001,0,$B$16),$B$4,INDEX(BESTFIT!$A$2:$BZ$20001,0,$B$14),$A39)) | G39: =IF(OR(G$28="",G61=0),NA(),SUMIFS(INDEX(BESTFIT!$A$2:$BZ$20001,0,G$28),INDEX(BESTFIT!$A$2:$BZ$20001,0,$B$15),$B$1,INDEX(BESTFIT!$A$2:$BZ$20001,0,$B$16),$B$4,INDEX(BESTFIT!$A$2:$BZ$20001,0,$B$14),$A39)) | H39: =IF(OR(H$28="",H61=0),NA(),SUMIFS(INDEX(BESTFIT!$A$2:$BZ$20001,0,H$28),INDEX(BESTFIT!$A$2:$BZ$20001,0,$B$15),$B$1,INDEX(BESTFIT!$A$2:$BZ$20001,0,$B$16),$B$4,INDEX(BESTFIT!$A$2:$BZ$20001,0,$B$14),$A39)) | I39: =IF(OR(I$28="",I61=0),NA(),SUMIFS(INDEX(BESTFIT!$A$2:$BZ$20001,0,I$28),INDEX(BESTFIT!$A$2:$BZ$20001,0,$B$15),$B$1,INDEX(BESTFIT!$A$2:$BZ$20001,0,$B$16),$B$4,INDEX(BESTFIT!$A$2:$BZ$20001,0,$B$14),$A39)) | J39: =IF(OR(J$28="",J61=0),NA(),SUMIFS(INDEX(BESTFIT!$A$2:$BZ$20001,0,J$28),INDEX(BESTFIT!$A$2:$BZ$20001,0,$B$15),$B$1,INDEX(BESTFIT!$A$2:$BZ$20001,0,$B$16),$B$4,INDEX(BESTFIT!$A$2:$BZ$20001,0,$B$14),$A39)) | K39: =IF(OR(K$28="",K61=0),NA(),SUMIFS(INDEX(BESTFIT!$A$2:$BZ$20001,0,K$28),INDEX(BESTFIT!$A$2:$BZ$20001,0,$B$15),$B$1,INDEX(BESTFIT!$A$2:$BZ$20001,0,$B$16),$B$4,INDEX(BESTFIT!$A$2:$BZ$20001,0,$B$14),$A39)) | ... AM39: =IF(OR(AM$28="",AM61=0),NA(),SUMIFS(INDEX(BESTFIT!$A$2:$BZ$20001,0,AM$28),INDEX(BESTFIT!$A$2:$BZ$20001,0,$B$15),$B$1,INDEX(BESTFIT!$A$2:$BZ$20001,0,$B$16),$B$4,INDEX(BESTFIT!$A$2:$BZ$20001,0,$B$14),$A39))
A40: =$F$3 | B40: =$A40&" | BestFit" | D40: =IF(OR(D$28="",D62=0),NA(),SUMIFS(INDEX(BESTFIT!$A$2:$BZ$20001,0,D$28),INDEX(BESTFIT!$A$2:$BZ$20001,0,$B$15),$B$1,INDEX(BESTFIT!$A$2:$BZ$20001,0,$B$16),$B$4,INDEX(BESTFIT!$A$2:$BZ$20001,0,$B$14),$A40)) | E40: =IF(OR(E$28="",E62=0),NA(),SUMIFS(INDEX(BESTFIT!$A$2:$BZ$20001,0,E$28),INDEX(BESTFIT!$A$2:$BZ$20001,0,$B$15),$B$1,INDEX(BESTFIT!$A$2:$BZ$20001,0,$B$16),$B$4,INDEX(BESTFIT!$A$2:$BZ$20001,0,$B$14),$A40)) | F40: =IF(OR(F$28="",F62=0),NA(),SUMIFS(INDEX(BESTFIT!$A$2:$BZ$20001,0,F$28),INDEX(BESTFIT!$A$2:$BZ$20001,0,$B$15),$B$1,INDEX(BESTFIT!$A$2:$BZ$20001,0,$B$16),$B$4,INDEX(BESTFIT!$A$2:$BZ$20001,0,$B$14),$A40)) | G40: =IF(OR(G$28="",G62=0),NA(),SUMIFS(INDEX(BESTFIT!$A$2:$BZ$20001,0,G$28),INDEX(BESTFIT!$A$2:$BZ$20001,0,$B$15),$B$1,INDEX(BESTFIT!$A$2:$BZ$20001,0,$B$16),$B$4,INDEX(BESTFIT!$A$2:$BZ$20001,0,$B$14),$A40)) | H40: =IF(OR(H$28="",H62=0),NA(),SUMIFS(INDEX(BESTFIT!$A$2:$BZ$20001,0,H$28),INDEX(BESTFIT!$A$2:$BZ$20001,0,$B$15),$B$1,INDEX(BESTFIT!$A$2:$BZ$20001,0,$B$16),$B$4,INDEX(BESTFIT!$A$2:$BZ$20001,0,$B$14),$A40)) | I40: =IF(OR(I$28="",I62=0),NA(),SUMIFS(INDEX(BESTFIT!$A$2:$BZ$20001,0,I$28),INDEX(BESTFIT!$A$2:$BZ$20001,0,$B$15),$B$1,INDEX(BESTFIT!$A$2:$BZ$20001,0,$B$16),$B$4,INDEX(BESTFIT!$A$2:$BZ$20001,0,$B$14),$A40)) | J40: =IF(OR(J$28="",J62=0),NA(),SUMIFS(INDEX(BESTFIT!$A$2:$BZ$20001,0,J$28),INDEX(BESTFIT!$A$2:$BZ$20001,0,$B$15),$B$1,INDEX(BESTFIT!$A$2:$BZ$20001,0,$B$16),$B$4,INDEX(BESTFIT!$A$2:$BZ$20001,0,$B$14),$A40)) | K40: =IF(OR(K$28="",K62=0),NA(),SUMIFS(INDEX(BESTFIT!$A$2:$BZ$20001,0,K$28),INDEX(BESTFIT!$A$2:$BZ$20001,0,$B$15),$B$1,INDEX(BESTFIT!$A$2:$BZ$20001,0,$B$16),$B$4,INDEX(BESTFIT!$A$2:$BZ$20001,0,$B$14),$A40)) | ... AM40: =IF(OR(AM$28="",AM62=0),NA(),SUMIFS(INDEX(BESTFIT!$A$2:$BZ$20001,0,AM$28),INDEX(BESTFIT!$A$2:$BZ$20001,0,$B$15),$B$1,INDEX(BESTFIT!$A$2:$BZ$20001,0,$B$16),$B$4,INDEX(BESTFIT!$A$2:$BZ$20001,0,$B$14),$A40))
A41: =IFERROR(INDEX($B$80:$B$109,MATCH(1,$E$80:$E$109,0)),"") | B41: =IF($A41="","—",$A41&IF($C41="",""," ["&$C41&"]")) | C41: =IF($A41="","",IF(MAX($D63:$AM63)=0,"sin datos en este CFG",IF(MAX($D63:$AM63)<$B$24,"parcial "&MAX($D63:$AM63)&"/"&$B$24,""))) | D41: =IF(OR($A41="",D$29="",D63=0),NA(),SUMIFS(INDEX(ALGO!$A$2:$BZ$20001,0,D$29),INDEX(ALGO!$A$2:$BZ$20001,0,$B$19),$B$1,INDEX(ALGO!$A$2:$BZ$20001,0,$B$20),$B$4,INDEX(ALGO!$A$2:$BZ$20001,0,$B$18),$A41)) | E41: =IF(OR($A41="",E$29="",E63=0),NA(),SUMIFS(INDEX(ALGO!$A$2:$BZ$20001,0,E$29),INDEX(ALGO!$A$2:$BZ$20001,0,$B$19),$B$1,INDEX(ALGO!$A$2:$BZ$20001,0,$B$20),$B$4,INDEX(ALGO!$A$2:$BZ$20001,0,$B$18),$A41)) | F41: =IF(OR($A41="",F$29="",F63=0),NA(),SUMIFS(INDEX(ALGO!$A$2:$BZ$20001,0,F$29),INDEX(ALGO!$A$2:$BZ$20001,0,$B$19),$B$1,INDEX(ALGO!$A$2:$BZ$20001,0,$B$20),$B$4,INDEX(ALGO!$A$2:$BZ$20001,0,$B$18),$A41)) | G41: =IF(OR($A41="",G$29="",G63=0),NA(),SUMIFS(INDEX(ALGO!$A$2:$BZ$20001,0,G$29),INDEX(ALGO!$A$2:$BZ$20001,0,$B$19),$B$1,INDEX(ALGO!$A$2:$BZ$20001,0,$B$20),$B$4,INDEX(ALGO!$A$2:$BZ$20001,0,$B$18),$A41)) | H41: =IF(OR($A41="",H$29="",H63=0),NA(),SUMIFS(INDEX(ALGO!$A$2:$BZ$20001,0,H$29),INDEX(ALGO!$A$2:$BZ$20001,0,$B$19),$B$1,INDEX(ALGO!$A$2:$BZ$20001,0,$B$20),$B$4,INDEX(ALGO!$A$2:$BZ$20001,0,$B$18),$A41)) | I41: =IF(OR($A41="",I$29="",I63=0),NA(),SUMIFS(INDEX(ALGO!$A$2:$BZ$20001,0,I$29),INDEX(ALGO!$A$2:$BZ$20001,0,$B$19),$B$1,INDEX(ALGO!$A$2:$BZ$20001,0,$B$20),$B$4,INDEX(ALGO!$A$2:$BZ$20001,0,$B$18),$A41)) | J41: =IF(OR($A41="",J$29="",J63=0),NA(),SUMIFS(INDEX(ALGO!$A$2:$BZ$20001,0,J$29),INDEX(ALGO!$A$2:$BZ$20001,0,$B$19),$B$1,INDEX(ALGO!$A$2:$BZ$20001,0,$B$20),$B$4,INDEX(ALGO!$A$2:$BZ$20001,0,$B$18),$A41)) | K41: =IF(OR($A41="",K$29="",K63=0),NA(),SUMIFS(INDEX(ALGO!$A$2:$BZ$20001,0,K$29),INDEX(ALGO!$A$2:$BZ$20001,0,$B$19),$B$1,INDEX(ALGO!$A$2:$BZ$20001,0,$B$20),$B$4,INDEX(ALGO!$A$2:$BZ$20001,0,$B$18),$A41)) | ... AM41: =IF(OR($A41="",AM$29="",AM63=0),NA(),SUMIFS(INDEX(ALGO!$A$2:$BZ$20001,0,AM$29),INDEX(ALGO!$A$2:$BZ$20001,0,$B$19),$B$1,INDEX(ALGO!$A$2:$BZ$20001,0,$B$20),$B$4,INDEX(ALGO!$A$2:$BZ$20001,0,$B$18),$A41))
A42: =IFERROR(INDEX($B$80:$B$109,MATCH(2,$E$80:$E$109,0)),"") | B42: =IF($A42="","—",$A42&IF($C42="",""," ["&$C42&"]")) | C42: =IF($A42="","",IF(MAX($D64:$AM64)=0,"sin datos en este CFG",IF(MAX($D64:$AM64)<$B$24,"parcial "&MAX($D64:$AM64)&"/"&$B$24,""))) | D42: =IF(OR($A42="",D$29="",D64=0),NA(),SUMIFS(INDEX(ALGO!$A$2:$BZ$20001,0,D$29),INDEX(ALGO!$A$2:$BZ$20001,0,$B$19),$B$1,INDEX(ALGO!$A$2:$BZ$20001,0,$B$20),$B$4,INDEX(ALGO!$A$2:$BZ$20001,0,$B$18),$A42)) | E42: =IF(OR($A42="",E$29="",E64=0),NA(),SUMIFS(INDEX(ALGO!$A$2:$BZ$20001,0,E$29),INDEX(ALGO!$A$2:$BZ$20001,0,$B$19),$B$1,INDEX(ALGO!$A$2:$BZ$20001,0,$B$20),$B$4,INDEX(ALGO!$A$2:$BZ$20001,0,$B$18),$A42)) | F42: =IF(OR($A42="",F$29="",F64=0),NA(),SUMIFS(INDEX(ALGO!$A$2:$BZ$20001,0,F$29),INDEX(ALGO!$A$2:$BZ$20001,0,$B$19),$B$1,INDEX(ALGO!$A$2:$BZ$20001,0,$B$20),$B$4,INDEX(ALGO!$A$2:$BZ$20001,0,$B$18),$A42)) | G42: =IF(OR($A42="",G$29="",G64=0),NA(),SUMIFS(INDEX(ALGO!$A$2:$BZ$20001,0,G$29),INDEX(ALGO!$A$2:$BZ$20001,0,$B$19),$B$1,INDEX(ALGO!$A$2:$BZ$20001,0,$B$20),$B$4,INDEX(ALGO!$A$2:$BZ$20001,0,$B$18),$A42)) | H42: =IF(OR($A42="",H$29="",H64=0),NA(),SUMIFS(INDEX(ALGO!$A$2:$BZ$20001,0,H$29),INDEX(ALGO!$A$2:$BZ$20001,0,$B$19),$B$1,INDEX(ALGO!$A$2:$BZ$20001,0,$B$20),$B$4,INDEX(ALGO!$A$2:$BZ$20001,0,$B$18),$A42)) | I42: =IF(OR($A42="",I$29="",I64=0),NA(),SUMIFS(INDEX(ALGO!$A$2:$BZ$20001,0,I$29),INDEX(ALGO!$A$2:$BZ$20001,0,$B$19),$B$1,INDEX(ALGO!$A$2:$BZ$20001,0,$B$20),$B$4,INDEX(ALGO!$A$2:$BZ$20001,0,$B$18),$A42)) | J42: =IF(OR($A42="",J$29="",J64=0),NA(),SUMIFS(INDEX(ALGO!$A$2:$BZ$20001,0,J$29),INDEX(ALGO!$A$2:$BZ$20001,0,$B$19),$B$1,INDEX(ALGO!$A$2:$BZ$20001,0,$B$20),$B$4,INDEX(ALGO!$A$2:$BZ$20001,0,$B$18),$A42)) | K42: =IF(OR($A42="",K$29="",K64=0),NA(),SUMIFS(INDEX(ALGO!$A$2:$BZ$20001,0,K$29),INDEX(ALGO!$A$2:$BZ$20001,0,$B$19),$B$1,INDEX(ALGO!$A$2:$BZ$20001,0,$B$20),$B$4,INDEX(ALGO!$A$2:$BZ$20001,0,$B$18),$A42)) | ... AM42: =IF(OR($A42="",AM$29="",AM64=0),NA(),SUMIFS(INDEX(ALGO!$A$2:$BZ$20001,0,AM$29),INDEX(ALGO!$A$2:$BZ$20001,0,$B$19),$B$1,INDEX(ALGO!$A$2:$BZ$20001,0,$B$20),$B$4,INDEX(ALGO!$A$2:$BZ$20001,0,$B$18),$A42))
A43: =IFERROR(INDEX($B$80:$B$109,MATCH(3,$E$80:$E$109,0)),"") | B43: =IF($A43="","—",$A43&IF($C43="",""," ["&$C43&"]")) | C43: =IF($A43="","",IF(MAX($D65:$AM65)=0,"sin datos en este CFG",IF(MAX($D65:$AM65)<$B$24,"parcial "&MAX($D65:$AM65)&"/"&$B$24,""))) | D43: =IF(OR($A43="",D$29="",D65=0),NA(),SUMIFS(INDEX(ALGO!$A$2:$BZ$20001,0,D$29),INDEX(ALGO!$A$2:$BZ$20001,0,$B$19),$B$1,INDEX(ALGO!$A$2:$BZ$20001,0,$B$20),$B$4,INDEX(ALGO!$A$2:$BZ$20001,0,$B$18),$A43)) | E43: =IF(OR($A43="",E$29="",E65=0),NA(),SUMIFS(INDEX(ALGO!$A$2:$BZ$20001,0,E$29),INDEX(ALGO!$A$2:$BZ$20001,0,$B$19),$B$1,INDEX(ALGO!$A$2:$BZ$20001,0,$B$20),$B$4,INDEX(ALGO!$A$2:$BZ$20001,0,$B$18),$A43)) | F43: =IF(OR($A43="",F$29="",F65=0),NA(),SUMIFS(INDEX(ALGO!$A$2:$BZ$20001,0,F$29),INDEX(ALGO!$A$2:$BZ$20001,0,$B$19),$B$1,INDEX(ALGO!$A$2:$BZ$20001,0,$B$20),$B$4,INDEX(ALGO!$A$2:$BZ$20001,0,$B$18),$A43)) | G43: =IF(OR($A43="",G$29="",G65=0),NA(),SUMIFS(INDEX(ALGO!$A$2:$BZ$20001,0,G$29),INDEX(ALGO!$A$2:$BZ$20001,0,$B$19),$B$1,INDEX(ALGO!$A$2:$BZ$20001,0,$B$20),$B$4,INDEX(ALGO!$A$2:$BZ$20001,0,$B$18),$A43)) | H43: =IF(OR($A43="",H$29="",H65=0),NA(),SUMIFS(INDEX(ALGO!$A$2:$BZ$20001,0,H$29),INDEX(ALGO!$A$2:$BZ$20001,0,$B$19),$B$1,INDEX(ALGO!$A$2:$BZ$20001,0,$B$20),$B$4,INDEX(ALGO!$A$2:$BZ$20001,0,$B$18),$A43)) | I43: =IF(OR($A43="",I$29="",I65=0),NA(),SUMIFS(INDEX(ALGO!$A$2:$BZ$20001,0,I$29),INDEX(ALGO!$A$2:$BZ$20001,0,$B$19),$B$1,INDEX(ALGO!$A$2:$BZ$20001,0,$B$20),$B$4,INDEX(ALGO!$A$2:$BZ$20001,0,$B$18),$A43)) | J43: =IF(OR($A43="",J$29="",J65=0),NA(),SUMIFS(INDEX(ALGO!$A$2:$BZ$20001,0,J$29),INDEX(ALGO!$A$2:$BZ$20001,0,$B$19),$B$1,INDEX(ALGO!$A$2:$BZ$20001,0,$B$20),$B$4,INDEX(ALGO!$A$2:$BZ$20001,0,$B$18),$A43)) | K43: =IF(OR($A43="",K$29="",K65=0),NA(),SUMIFS(INDEX(ALGO!$A$2:$BZ$20001,0,K$29),INDEX(ALGO!$A$2:$BZ$20001,0,$B$19),$B$1,INDEX(ALGO!$A$2:$BZ$20001,0,$B$20),$B$4,INDEX(ALGO!$A$2:$BZ$20001,0,$B$18),$A43)) | ... AM43: =IF(OR($A43="",AM$29="",AM65=0),NA(),SUMIFS(INDEX(ALGO!$A$2:$BZ$20001,0,AM$29),INDEX(ALGO!$A$2:$BZ$20001,0,$B$19),$B$1,INDEX(ALGO!$A$2:$BZ$20001,0,$B$20),$B$4,INDEX(ALGO!$A$2:$BZ$20001,0,$B$18),$A43))
A44: =IFERROR(INDEX($B$80:$B$109,MATCH(4,$E$80:$E$109,0)),"") | B44: =IF($A44="","—",$A44&IF($C44="",""," ["&$C44&"]")) | C44: =IF($A44="","",IF(MAX($D66:$AM66)=0,"sin datos en este CFG",IF(MAX($D66:$AM66)<$B$24,"parcial "&MAX($D66:$AM66)&"/"&$B$24,""))) | D44: =IF(OR($A44="",D$29="",D66=0),NA(),SUMIFS(INDEX(ALGO!$A$2:$BZ$20001,0,D$29),INDEX(ALGO!$A$2:$BZ$20001,0,$B$19),$B$1,INDEX(ALGO!$A$2:$BZ$20001,0,$B$20),$B$4,INDEX(ALGO!$A$2:$BZ$20001,0,$B$18),$A44)) | E44: =IF(OR($A44="",E$29="",E66=0),NA(),SUMIFS(INDEX(ALGO!$A$2:$BZ$20001,0,E$29),INDEX(ALGO!$A$2:$BZ$20001,0,$B$19),$B$1,INDEX(ALGO!$A$2:$BZ$20001,0,$B$20),$B$4,INDEX(ALGO!$A$2:$BZ$20001,0,$B$18),$A44)) | F44: =IF(OR($A44="",F$29="",F66=0),NA(),SUMIFS(INDEX(ALGO!$A$2:$BZ$20001,0,F$29),INDEX(ALGO!$A$2:$BZ$20001,0,$B$19),$B$1,INDEX(ALGO!$A$2:$BZ$20001,0,$B$20),$B$4,INDEX(ALGO!$A$2:$BZ$20001,0,$B$18),$A44)) | G44: =IF(OR($A44="",G$29="",G66=0),NA(),SUMIFS(INDEX(ALGO!$A$2:$BZ$20001,0,G$29),INDEX(ALGO!$A$2:$BZ$20001,0,$B$19),$B$1,INDEX(ALGO!$A$2:$BZ$20001,0,$B$20),$B$4,INDEX(ALGO!$A$2:$BZ$20001,0,$B$18),$A44)) | H44: =IF(OR($A44="",H$29="",H66=0),NA(),SUMIFS(INDEX(ALGO!$A$2:$BZ$20001,0,H$29),INDEX(ALGO!$A$2:$BZ$20001,0,$B$19),$B$1,INDEX(ALGO!$A$2:$BZ$20001,0,$B$20),$B$4,INDEX(ALGO!$A$2:$BZ$20001,0,$B$18),$A44)) | I44: =IF(OR($A44="",I$29="",I66=0),NA(),SUMIFS(INDEX(ALGO!$A$2:$BZ$20001,0,I$29),INDEX(ALGO!$A$2:$BZ$20001,0,$B$19),$B$1,INDEX(ALGO!$A$2:$BZ$20001,0,$B$20),$B$4,INDEX(ALGO!$A$2:$BZ$20001,0,$B$18),$A44)) | J44: =IF(OR($A44="",J$29="",J66=0),NA(),SUMIFS(INDEX(ALGO!$A$2:$BZ$20001,0,J$29),INDEX(ALGO!$A$2:$BZ$20001,0,$B$19),$B$1,INDEX(ALGO!$A$2:$BZ$20001,0,$B$20),$B$4,INDEX(ALGO!$A$2:$BZ$20001,0,$B$18),$A44)) | K44: =IF(OR($A44="",K$29="",K66=0),NA(),SUMIFS(INDEX(ALGO!$A$2:$BZ$20001,0,K$29),INDEX(ALGO!$A$2:$BZ$20001,0,$B$19),$B$1,INDEX(ALGO!$A$2:$BZ$20001,0,$B$20),$B$4,INDEX(ALGO!$A$2:$BZ$20001,0,$B$18),$A44)) | ... AM44: =IF(OR($A44="",AM$29="",AM66=0),NA(),SUMIFS(INDEX(ALGO!$A$2:$BZ$20001,0,AM$29),INDEX(ALGO!$A$2:$BZ$20001,0,$B$19),$B$1,INDEX(ALGO!$A$2:$BZ$20001,0,$B$20),$B$4,INDEX(ALGO!$A$2:$BZ$20001,0,$B$18),$A44))
A45: =IFERROR(INDEX($B$80:$B$109,MATCH(5,$E$80:$E$109,0)),"") | B45: =IF($A45="","—",$A45&IF($C45="",""," ["&$C45&"]")) | C45: =IF($A45="","",IF(MAX($D67:$AM67)=0,"sin datos en este CFG",IF(MAX($D67:$AM67)<$B$24,"parcial "&MAX($D67:$AM67)&"/"&$B$24,""))) | D45: =IF(OR($A45="",D$29="",D67=0),NA(),SUMIFS(INDEX(ALGO!$A$2:$BZ$20001,0,D$29),INDEX(ALGO!$A$2:$BZ$20001,0,$B$19),$B$1,INDEX(ALGO!$A$2:$BZ$20001,0,$B$20),$B$4,INDEX(ALGO!$A$2:$BZ$20001,0,$B$18),$A45)) | E45: =IF(OR($A45="",E$29="",E67=0),NA(),SUMIFS(INDEX(ALGO!$A$2:$BZ$20001,0,E$29),INDEX(ALGO!$A$2:$BZ$20001,0,$B$19),$B$1,INDEX(ALGO!$A$2:$BZ$20001,0,$B$20),$B$4,INDEX(ALGO!$A$2:$BZ$20001,0,$B$18),$A45)) | F45: =IF(OR($A45="",F$29="",F67=0),NA(),SUMIFS(INDEX(ALGO!$A$2:$BZ$20001,0,F$29),INDEX(ALGO!$A$2:$BZ$20001,0,$B$19),$B$1,INDEX(ALGO!$A$2:$BZ$20001,0,$B$20),$B$4,INDEX(ALGO!$A$2:$BZ$20001,0,$B$18),$A45)) | G45: =IF(OR($A45="",G$29="",G67=0),NA(),SUMIFS(INDEX(ALGO!$A$2:$BZ$20001,0,G$29),INDEX(ALGO!$A$2:$BZ$20001,0,$B$19),$B$1,INDEX(ALGO!$A$2:$BZ$20001,0,$B$20),$B$4,INDEX(ALGO!$A$2:$BZ$20001,0,$B$18),$A45)) | H45: =IF(OR($A45="",H$29="",H67=0),NA(),SUMIFS(INDEX(ALGO!$A$2:$BZ$20001,0,H$29),INDEX(ALGO!$A$2:$BZ$20001,0,$B$19),$B$1,INDEX(ALGO!$A$2:$BZ$20001,0,$B$20),$B$4,INDEX(ALGO!$A$2:$BZ$20001,0,$B$18),$A45)) | I45: =IF(OR($A45="",I$29="",I67=0),NA(),SUMIFS(INDEX(ALGO!$A$2:$BZ$20001,0,I$29),INDEX(ALGO!$A$2:$BZ$20001,0,$B$19),$B$1,INDEX(ALGO!$A$2:$BZ$20001,0,$B$20),$B$4,INDEX(ALGO!$A$2:$BZ$20001,0,$B$18),$A45)) | J45: =IF(OR($A45="",J$29="",J67=0),NA(),SUMIFS(INDEX(ALGO!$A$2:$BZ$20001,0,J$29),INDEX(ALGO!$A$2:$BZ$20001,0,$B$19),$B$1,INDEX(ALGO!$A$2:$BZ$20001,0,$B$20),$B$4,INDEX(ALGO!$A$2:$BZ$20001,0,$B$18),$A45)) | K45: =IF(OR($A45="",K$29="",K67=0),NA(),SUMIFS(INDEX(ALGO!$A$2:$BZ$20001,0,K$29),INDEX(ALGO!$A$2:$BZ$20001,0,$B$19),$B$1,INDEX(ALGO!$A$2:$BZ$20001,0,$B$20),$B$4,INDEX(ALGO!$A$2:$BZ$20001,0,$B$18),$A45)) | ... AM45: =IF(OR($A45="",AM$29="",AM67=0),NA(),SUMIFS(INDEX(ALGO!$A$2:$BZ$20001,0,AM$29),INDEX(ALGO!$A$2:$BZ$20001,0,$B$19),$B$1,INDEX(ALGO!$A$2:$BZ$20001,0,$B$20),$B$4,INDEX(ALGO!$A$2:$BZ$20001,0,$B$18),$A45))
A46: =IFERROR(INDEX($B$80:$B$109,MATCH(6,$E$80:$E$109,0)),"") | B46: =IF($A46="","—",$A46&IF($C46="",""," ["&$C46&"]")) | C46: =IF($A46="","",IF(MAX($D68:$AM68)=0,"sin datos en este CFG",IF(MAX($D68:$AM68)<$B$24,"parcial "&MAX($D68:$AM68)&"/"&$B$24,""))) | D46: =IF(OR($A46="",D$29="",D68=0),NA(),SUMIFS(INDEX(ALGO!$A$2:$BZ$20001,0,D$29),INDEX(ALGO!$A$2:$BZ$20001,0,$B$19),$B$1,INDEX(ALGO!$A$2:$BZ$20001,0,$B$20),$B$4,INDEX(ALGO!$A$2:$BZ$20001,0,$B$18),$A46)) | E46: =IF(OR($A46="",E$29="",E68=0),NA(),SUMIFS(INDEX(ALGO!$A$2:$BZ$20001,0,E$29),INDEX(ALGO!$A$2:$BZ$20001,0,$B$19),$B$1,INDEX(ALGO!$A$2:$BZ$20001,0,$B$20),$B$4,INDEX(ALGO!$A$2:$BZ$20001,0,$B$18),$A46)) | F46: =IF(OR($A46="",F$29="",F68=0),NA(),SUMIFS(INDEX(ALGO!$A$2:$BZ$20001,0,F$29),INDEX(ALGO!$A$2:$BZ$20001,0,$B$19),$B$1,INDEX(ALGO!$A$2:$BZ$20001,0,$B$20),$B$4,INDEX(ALGO!$A$2:$BZ$20001,0,$B$18),$A46)) | G46: =IF(OR($A46="",G$29="",G68=0),NA(),SUMIFS(INDEX(ALGO!$A$2:$BZ$20001,0,G$29),INDEX(ALGO!$A$2:$BZ$20001,0,$B$19),$B$1,INDEX(ALGO!$A$2:$BZ$20001,0,$B$20),$B$4,INDEX(ALGO!$A$2:$BZ$20001,0,$B$18),$A46)) | H46: =IF(OR($A46="",H$29="",H68=0),NA(),SUMIFS(INDEX(ALGO!$A$2:$BZ$20001,0,H$29),INDEX(ALGO!$A$2:$BZ$20001,0,$B$19),$B$1,INDEX(ALGO!$A$2:$BZ$20001,0,$B$20),$B$4,INDEX(ALGO!$A$2:$BZ$20001,0,$B$18),$A46)) | I46: =IF(OR($A46="",I$29="",I68=0),NA(),SUMIFS(INDEX(ALGO!$A$2:$BZ$20001,0,I$29),INDEX(ALGO!$A$2:$BZ$20001,0,$B$19),$B$1,INDEX(ALGO!$A$2:$BZ$20001,0,$B$20),$B$4,INDEX(ALGO!$A$2:$BZ$20001,0,$B$18),$A46)) | J46: =IF(OR($A46="",J$29="",J68=0),NA(),SUMIFS(INDEX(ALGO!$A$2:$BZ$20001,0,J$29),INDEX(ALGO!$A$2:$BZ$20001,0,$B$19),$B$1,INDEX(ALGO!$A$2:$BZ$20001,0,$B$20),$B$4,INDEX(ALGO!$A$2:$BZ$20001,0,$B$18),$A46)) | K46: =IF(OR($A46="",K$29="",K68=0),NA(),SUMIFS(INDEX(ALGO!$A$2:$BZ$20001,0,K$29),INDEX(ALGO!$A$2:$BZ$20001,0,$B$19),$B$1,INDEX(ALGO!$A$2:$BZ$20001,0,$B$20),$B$4,INDEX(ALGO!$A$2:$BZ$20001,0,$B$18),$A46)) | ... AM46: =IF(OR($A46="",AM$29="",AM68=0),NA(),SUMIFS(INDEX(ALGO!$A$2:$BZ$20001,0,AM$29),INDEX(ALGO!$A$2:$BZ$20001,0,$B$19),$B$1,INDEX(ALGO!$A$2:$BZ$20001,0,$B$20),$B$4,INDEX(ALGO!$A$2:$BZ$20001,0,$B$18),$A46))
A47: =IFERROR(INDEX($B$80:$B$109,MATCH(7,$E$80:$E$109,0)),"") | B47: =IF($A47="","—",$A47&IF($C47="",""," ["&$C47&"]")) | C47: =IF($A47="","",IF(MAX($D69:$AM69)=0,"sin datos en este CFG",IF(MAX($D69:$AM69)<$B$24,"parcial "&MAX($D69:$AM69)&"/"&$B$24,""))) | D47: =IF(OR($A47="",D$29="",D69=0),NA(),SUMIFS(INDEX(ALGO!$A$2:$BZ$20001,0,D$29),INDEX(ALGO!$A$2:$BZ$20001,0,$B$19),$B$1,INDEX(ALGO!$A$2:$BZ$20001,0,$B$20),$B$4,INDEX(ALGO!$A$2:$BZ$20001,0,$B$18),$A47)) | E47: =IF(OR($A47="",E$29="",E69=0),NA(),SUMIFS(INDEX(ALGO!$A$2:$BZ$20001,0,E$29),INDEX(ALGO!$A$2:$BZ$20001,0,$B$19),$B$1,INDEX(ALGO!$A$2:$BZ$20001,0,$B$20),$B$4,INDEX(ALGO!$A$2:$BZ$20001,0,$B$18),$A47)) | F47: =IF(OR($A47="",F$29="",F69=0),NA(),SUMIFS(INDEX(ALGO!$A$2:$BZ$20001,0,F$29),INDEX(ALGO!$A$2:$BZ$20001,0,$B$19),$B$1,INDEX(ALGO!$A$2:$BZ$20001,0,$B$20),$B$4,INDEX(ALGO!$A$2:$BZ$20001,0,$B$18),$A47)) | G47: =IF(OR($A47="",G$29="",G69=0),NA(),SUMIFS(INDEX(ALGO!$A$2:$BZ$20001,0,G$29),INDEX(ALGO!$A$2:$BZ$20001,0,$B$19),$B$1,INDEX(ALGO!$A$2:$BZ$20001,0,$B$20),$B$4,INDEX(ALGO!$A$2:$BZ$20001,0,$B$18),$A47)) | H47: =IF(OR($A47="",H$29="",H69=0),NA(),SUMIFS(INDEX(ALGO!$A$2:$BZ$20001,0,H$29),INDEX(ALGO!$A$2:$BZ$20001,0,$B$19),$B$1,INDEX(ALGO!$A$2:$BZ$20001,0,$B$20),$B$4,INDEX(ALGO!$A$2:$BZ$20001,0,$B$18),$A47)) | I47: =IF(OR($A47="",I$29="",I69=0),NA(),SUMIFS(INDEX(ALGO!$A$2:$BZ$20001,0,I$29),INDEX(ALGO!$A$2:$BZ$20001,0,$B$19),$B$1,INDEX(ALGO!$A$2:$BZ$20001,0,$B$20),$B$4,INDEX(ALGO!$A$2:$BZ$20001,0,$B$18),$A47)) | J47: =IF(OR($A47="",J$29="",J69=0),NA(),SUMIFS(INDEX(ALGO!$A$2:$BZ$20001,0,J$29),INDEX(ALGO!$A$2:$BZ$20001,0,$B$19),$B$1,INDEX(ALGO!$A$2:$BZ$20001,0,$B$20),$B$4,INDEX(ALGO!$A$2:$BZ$20001,0,$B$18),$A47)) | K47: =IF(OR($A47="",K$29="",K69=0),NA(),SUMIFS(INDEX(ALGO!$A$2:$BZ$20001,0,K$29),INDEX(ALGO!$A$2:$BZ$20001,0,$B$19),$B$1,INDEX(ALGO!$A$2:$BZ$20001,0,$B$20),$B$4,INDEX(ALGO!$A$2:$BZ$20001,0,$B$18),$A47)) | ... AM47: =IF(OR($A47="",AM$29="",AM69=0),NA(),SUMIFS(INDEX(ALGO!$A$2:$BZ$20001,0,AM$29),INDEX(ALGO!$A$2:$BZ$20001,0,$B$19),$B$1,INDEX(ALGO!$A$2:$BZ$20001,0,$B$20),$B$4,INDEX(ALGO!$A$2:$BZ$20001,0,$B$18),$A47))
A48: =IFERROR(INDEX($B$80:$B$109,MATCH(8,$E$80:$E$109,0)),"") | B48: =IF($A48="","—",$A48&IF($C48="",""," ["&$C48&"]")) | C48: =IF($A48="","",IF(MAX($D70:$AM70)=0,"sin datos en este CFG",IF(MAX($D70:$AM70)<$B$24,"parcial "&MAX($D70:$AM70)&"/"&$B$24,""))) | D48: =IF(OR($A48="",D$29="",D70=0),NA(),SUMIFS(INDEX(ALGO!$A$2:$BZ$20001,0,D$29),INDEX(ALGO!$A$2:$BZ$20001,0,$B$19),$B$1,INDEX(ALGO!$A$2:$BZ$20001,0,$B$20),$B$4,INDEX(ALGO!$A$2:$BZ$20001,0,$B$18),$A48)) | E48: =IF(OR($A48="",E$29="",E70=0),NA(),SUMIFS(INDEX(ALGO!$A$2:$BZ$20001,0,E$29),INDEX(ALGO!$A$2:$BZ$20001,0,$B$19),$B$1,INDEX(ALGO!$A$2:$BZ$20001,0,$B$20),$B$4,INDEX(ALGO!$A$2:$BZ$20001,0,$B$18),$A48)) | F48: =IF(OR($A48="",F$29="",F70=0),NA(),SUMIFS(INDEX(ALGO!$A$2:$BZ$20001,0,F$29),INDEX(ALGO!$A$2:$BZ$20001,0,$B$19),$B$1,INDEX(ALGO!$A$2:$BZ$20001,0,$B$20),$B$4,INDEX(ALGO!$A$2:$BZ$20001,0,$B$18),$A48)) | G48: =IF(OR($A48="",G$29="",G70=0),NA(),SUMIFS(INDEX(ALGO!$A$2:$BZ$20001,0,G$29),INDEX(ALGO!$A$2:$BZ$20001,0,$B$19),$B$1,INDEX(ALGO!$A$2:$BZ$20001,0,$B$20),$B$4,INDEX(ALGO!$A$2:$BZ$20001,0,$B$18),$A48)) | H48: =IF(OR($A48="",H$29="",H70=0),NA(),SUMIFS(INDEX(ALGO!$A$2:$BZ$20001,0,H$29),INDEX(ALGO!$A$2:$BZ$20001,0,$B$19),$B$1,INDEX(ALGO!$A$2:$BZ$20001,0,$B$20),$B$4,INDEX(ALGO!$A$2:$BZ$20001,0,$B$18),$A48)) | I48: =IF(OR($A48="",I$29="",I70=0),NA(),SUMIFS(INDEX(ALGO!$A$2:$BZ$20001,0,I$29),INDEX(ALGO!$A$2:$BZ$20001,0,$B$19),$B$1,INDEX(ALGO!$A$2:$BZ$20001,0,$B$20),$B$4,INDEX(ALGO!$A$2:$BZ$20001,0,$B$18),$A48)) | J48: =IF(OR($A48="",J$29="",J70=0),NA(),SUMIFS(INDEX(ALGO!$A$2:$BZ$20001,0,J$29),INDEX(ALGO!$A$2:$BZ$20001,0,$B$19),$B$1,INDEX(ALGO!$A$2:$BZ$20001,0,$B$20),$B$4,INDEX(ALGO!$A$2:$BZ$20001,0,$B$18),$A48)) | K48: =IF(OR($A48="",K$29="",K70=0),NA(),SUMIFS(INDEX(ALGO!$A$2:$BZ$20001,0,K$29),INDEX(ALGO!$A$2:$BZ$20001,0,$B$19),$B$1,INDEX(ALGO!$A$2:$BZ$20001,0,$B$20),$B$4,INDEX(ALGO!$A$2:$BZ$20001,0,$B$18),$A48)) | ... AM48: =IF(OR($A48="",AM$29="",AM70=0),NA(),SUMIFS(INDEX(ALGO!$A$2:$BZ$20001,0,AM$29),INDEX(ALGO!$A$2:$BZ$20001,0,$B$19),$B$1,INDEX(ALGO!$A$2:$BZ$20001,0,$B$20),$B$4,INDEX(ALGO!$A$2:$BZ$20001,0,$B$18),$A48))
A49: =IFERROR(INDEX($B$80:$B$109,MATCH(9,$E$80:$E$109,0)),"") | B49: =IF($A49="","—",$A49&IF($C49="",""," ["&$C49&"]")) | C49: =IF($A49="","",IF(MAX($D71:$AM71)=0,"sin datos en este CFG",IF(MAX($D71:$AM71)<$B$24,"parcial "&MAX($D71:$AM71)&"/"&$B$24,""))) | D49: =IF(OR($A49="",D$29="",D71=0),NA(),SUMIFS(INDEX(ALGO!$A$2:$BZ$20001,0,D$29),INDEX(ALGO!$A$2:$BZ$20001,0,$B$19),$B$1,INDEX(ALGO!$A$2:$BZ$20001,0,$B$20),$B$4,INDEX(ALGO!$A$2:$BZ$20001,0,$B$18),$A49)) | E49: =IF(OR($A49="",E$29="",E71=0),NA(),SUMIFS(INDEX(ALGO!$A$2:$BZ$20001,0,E$29),INDEX(ALGO!$A$2:$BZ$20001,0,$B$19),$B$1,INDEX(ALGO!$A$2:$BZ$20001,0,$B$20),$B$4,INDEX(ALGO!$A$2:$BZ$20001,0,$B$18),$A49)) | F49: =IF(OR($A49="",F$29="",F71=0),NA(),SUMIFS(INDEX(ALGO!$A$2:$BZ$20001,0,F$29),INDEX(ALGO!$A$2:$BZ$20001,0,$B$19),$B$1,INDEX(ALGO!$A$2:$BZ$20001,0,$B$20),$B$4,INDEX(ALGO!$A$2:$BZ$20001,0,$B$18),$A49)) | G49: =IF(OR($A49="",G$29="",G71=0),NA(),SUMIFS(INDEX(ALGO!$A$2:$BZ$20001,0,G$29),INDEX(ALGO!$A$2:$BZ$20001,0,$B$19),$B$1,INDEX(ALGO!$A$2:$BZ$20001,0,$B$20),$B$4,INDEX(ALGO!$A$2:$BZ$20001,0,$B$18),$A49)) | H49: =IF(OR($A49="",H$29="",H71=0),NA(),SUMIFS(INDEX(ALGO!$A$2:$BZ$20001,0,H$29),INDEX(ALGO!$A$2:$BZ$20001,0,$B$19),$B$1,INDEX(ALGO!$A$2:$BZ$20001,0,$B$20),$B$4,INDEX(ALGO!$A$2:$BZ$20001,0,$B$18),$A49)) | I49: =IF(OR($A49="",I$29="",I71=0),NA(),SUMIFS(INDEX(ALGO!$A$2:$BZ$20001,0,I$29),INDEX(ALGO!$A$2:$BZ$20001,0,$B$19),$B$1,INDEX(ALGO!$A$2:$BZ$20001,0,$B$20),$B$4,INDEX(ALGO!$A$2:$BZ$20001,0,$B$18),$A49)) | J49: =IF(OR($A49="",J$29="",J71=0),NA(),SUMIFS(INDEX(ALGO!$A$2:$BZ$20001,0,J$29),INDEX(ALGO!$A$2:$BZ$20001,0,$B$19),$B$1,INDEX(ALGO!$A$2:$BZ$20001,0,$B$20),$B$4,INDEX(ALGO!$A$2:$BZ$20001,0,$B$18),$A49)) | K49: =IF(OR($A49="",K$29="",K71=0),NA(),SUMIFS(INDEX(ALGO!$A$2:$BZ$20001,0,K$29),INDEX(ALGO!$A$2:$BZ$20001,0,$B$19),$B$1,INDEX(ALGO!$A$2:$BZ$20001,0,$B$20),$B$4,INDEX(ALGO!$A$2:$BZ$20001,0,$B$18),$A49)) | ... AM49: =IF(OR($A49="",AM$29="",AM71=0),NA(),SUMIFS(INDEX(ALGO!$A$2:$BZ$20001,0,AM$29),INDEX(ALGO!$A$2:$BZ$20001,0,$B$19),$B$1,INDEX(ALGO!$A$2:$BZ$20001,0,$B$20),$B$4,INDEX(ALGO!$A$2:$BZ$20001,0,$B$18),$A49))
A50: =IFERROR(INDEX($B$80:$B$109,MATCH(10,$E$80:$E$109,0)),"") | B50: =IF($A50="","—",$A50&IF($C50="",""," ["&$C50&"]")) | C50: =IF($A50="","",IF(MAX($D72:$AM72)=0,"sin datos en este CFG",IF(MAX($D72:$AM72)<$B$24,"parcial "&MAX($D72:$AM72)&"/"&$B$24,""))) | D50: =IF(OR($A50="",D$29="",D72=0),NA(),SUMIFS(INDEX(ALGO!$A$2:$BZ$20001,0,D$29),INDEX(ALGO!$A$2:$BZ$20001,0,$B$19),$B$1,INDEX(ALGO!$A$2:$BZ$20001,0,$B$20),$B$4,INDEX(ALGO!$A$2:$BZ$20001,0,$B$18),$A50)) | E50: =IF(OR($A50="",E$29="",E72=0),NA(),SUMIFS(INDEX(ALGO!$A$2:$BZ$20001,0,E$29),INDEX(ALGO!$A$2:$BZ$20001,0,$B$19),$B$1,INDEX(ALGO!$A$2:$BZ$20001,0,$B$20),$B$4,INDEX(ALGO!$A$2:$BZ$20001,0,$B$18),$A50)) | F50: =IF(OR($A50="",F$29="",F72=0),NA(),SUMIFS(INDEX(ALGO!$A$2:$BZ$20001,0,F$29),INDEX(ALGO!$A$2:$BZ$20001,0,$B$19),$B$1,INDEX(ALGO!$A$2:$BZ$20001,0,$B$20),$B$4,INDEX(ALGO!$A$2:$BZ$20001,0,$B$18),$A50)) | G50: =IF(OR($A50="",G$29="",G72=0),NA(),SUMIFS(INDEX(ALGO!$A$2:$BZ$20001,0,G$29),INDEX(ALGO!$A$2:$BZ$20001,0,$B$19),$B$1,INDEX(ALGO!$A$2:$BZ$20001,0,$B$20),$B$4,INDEX(ALGO!$A$2:$BZ$20001,0,$B$18),$A50)) | H50: =IF(OR($A50="",H$29="",H72=0),NA(),SUMIFS(INDEX(ALGO!$A$2:$BZ$20001,0,H$29),INDEX(ALGO!$A$2:$BZ$20001,0,$B$19),$B$1,INDEX(ALGO!$A$2:$BZ$20001,0,$B$20),$B$4,INDEX(ALGO!$A$2:$BZ$20001,0,$B$18),$A50)) | I50: =IF(OR($A50="",I$29="",I72=0),NA(),SUMIFS(INDEX(ALGO!$A$2:$BZ$20001,0,I$29),INDEX(ALGO!$A$2:$BZ$20001,0,$B$19),$B$1,INDEX(ALGO!$A$2:$BZ$20001,0,$B$20),$B$4,INDEX(ALGO!$A$2:$BZ$20001,0,$B$18),$A50)) | J50: =IF(OR($A50="",J$29="",J72=0),NA(),SUMIFS(INDEX(ALGO!$A$2:$BZ$20001,0,J$29),INDEX(ALGO!$A$2:$BZ$20001,0,$B$19),$B$1,INDEX(ALGO!$A$2:$BZ$20001,0,$B$20),$B$4,INDEX(ALGO!$A$2:$BZ$20001,0,$B$18),$A50)) | K50: =IF(OR($A50="",K$29="",K72=0),NA(),SUMIFS(INDEX(ALGO!$A$2:$BZ$20001,0,K$29),INDEX(ALGO!$A$2:$BZ$20001,0,$B$19),$B$1,INDEX(ALGO!$A$2:$BZ$20001,0,$B$20),$B$4,INDEX(ALGO!$A$2:$BZ$20001,0,$B$18),$A50)) | ... AM50: =IF(OR($A50="",AM$29="",AM72=0),NA(),SUMIFS(INDEX(ALGO!$A$2:$BZ$20001,0,AM$29),INDEX(ALGO!$A$2:$BZ$20001,0,$B$19),$B$1,INDEX(ALGO!$A$2:$BZ$20001,0,$B$20),$B$4,INDEX(ALGO!$A$2:$BZ$20001,0,$B$18),$A50))
A55: Conteo de celdas con valor (espejo del bloque de arriba)
D56: =IF(D$27="",0,COUNTIFS(INDEX(CONSENSUS!$A$2:$BZ$20001,0,$B$11),$B$1,INDEX(CONSENSUS!$A$2:$BZ$20001,0,$B$12),$B$4,INDEX(CONSENSUS!$A$2:$BZ$20001,0,$B$13),$B$5,INDEX(CONSENSUS!$A$2:$BZ$20001,0,$B$10),$A34,INDEX(CONSENSUS!$A$2:$BZ$20001,0,D$27),"<>")) | E56: =IF(E$27="",0,COUNTIFS(INDEX(CONSENSUS!$A$2:$BZ$20001,0,$B$11),$B$1,INDEX(CONSENSUS!$A$2:$BZ$20001,0,$B$12),$B$4,INDEX(CONSENSUS!$A$2:$BZ$20001,0,$B$13),$B$5,INDEX(CONSENSUS!$A$2:$BZ$20001,0,$B$10),$A34,INDEX(CONSENSUS!$A$2:$BZ$20001,0,E$27),"<>")) | F56: =IF(F$27="",0,COUNTIFS(INDEX(CONSENSUS!$A$2:$BZ$20001,0,$B$11),$B$1,INDEX(CONSENSUS!$A$2:$BZ$20001,0,$B$12),$B$4,INDEX(CONSENSUS!$A$2:$BZ$20001,0,$B$13),$B$5,INDEX(CONSENSUS!$A$2:$BZ$20001,0,$B$10),$A34,INDEX(CONSENSUS!$A$2:$BZ$20001,0,F$27),"<>")) | G56: =IF(G$27="",0,COUNTIFS(INDEX(CONSENSUS!$A$2:$BZ$20001,0,$B$11),$B$1,INDEX(CONSENSUS!$A$2:$BZ$20001,0,$B$12),$B$4,INDEX(CONSENSUS!$A$2:$BZ$20001,0,$B$13),$B$5,INDEX(CONSENSUS!$A$2:$BZ$20001,0,$B$10),$A34,INDEX(CONSENSUS!$A$2:$BZ$20001,0,G$27),"<>")) | H56: =IF(H$27="",0,COUNTIFS(INDEX(CONSENSUS!$A$2:$BZ$20001,0,$B$11),$B$1,INDEX(CONSENSUS!$A$2:$BZ$20001,0,$B$12),$B$4,INDEX(CONSENSUS!$A$2:$BZ$20001,0,$B$13),$B$5,INDEX(CONSENSUS!$A$2:$BZ$20001,0,$B$10),$A34,INDEX(CONSENSUS!$A$2:$BZ$20001,0,H$27),"<>")) | I56: =IF(I$27="",0,COUNTIFS(INDEX(CONSENSUS!$A$2:$BZ$20001,0,$B$11),$B$1,INDEX(CONSENSUS!$A$2:$BZ$20001,0,$B$12),$B$4,INDEX(CONSENSUS!$A$2:$BZ$20001,0,$B$13),$B$5,INDEX(CONSENSUS!$A$2:$BZ$20001,0,$B$10),$A34,INDEX(CONSENSUS!$A$2:$BZ$20001,0,I$27),"<>")) | J56: =IF(J$27="",0,COUNTIFS(INDEX(CONSENSUS!$A$2:$BZ$20001,0,$B$11),$B$1,INDEX(CONSENSUS!$A$2:$BZ$20001,0,$B$12),$B$4,INDEX(CONSENSUS!$A$2:$BZ$20001,0,$B$13),$B$5,INDEX(CONSENSUS!$A$2:$BZ$20001,0,$B$10),$A34,INDEX(CONSENSUS!$A$2:$BZ$20001,0,J$27),"<>")) | K56: =IF(K$27="",0,COUNTIFS(INDEX(CONSENSUS!$A$2:$BZ$20001,0,$B$11),$B$1,INDEX(CONSENSUS!$A$2:$BZ$20001,0,$B$12),$B$4,INDEX(CONSENSUS!$A$2:$BZ$20001,0,$B$13),$B$5,INDEX(CONSENSUS!$A$2:$BZ$20001,0,$B$10),$A34,INDEX(CONSENSUS!$A$2:$BZ$20001,0,K$27),"<>")) | ... AM56: =IF(AM$27="",0,COUNTIFS(INDEX(CONSENSUS!$A$2:$BZ$20001,0,$B$11),$B$1,INDEX(CONSENSUS!$A$2:$BZ$20001,0,$B$12),$B$4,INDEX(CONSENSUS!$A$2:$BZ$20001,0,$B$13),$B$5,INDEX(CONSENSUS!$A$2:$BZ$20001,0,$B$10),$A34,INDEX(CONSENSUS!$A$2:$BZ$20001,0,AM$27),"<>"))
D57: =IF(D$27="",0,COUNTIFS(INDEX(CONSENSUS!$A$2:$BZ$20001,0,$B$11),$B$1,INDEX(CONSENSUS!$A$2:$BZ$20001,0,$B$12),$B$4,INDEX(CONSENSUS!$A$2:$BZ$20001,0,$B$13),$B$6,INDEX(CONSENSUS!$A$2:$BZ$20001,0,$B$10),$A35,INDEX(CONSENSUS!$A$2:$BZ$20001,0,D$27),"<>")) | E57: =IF(E$27="",0,COUNTIFS(INDEX(CONSENSUS!$A$2:$BZ$20001,0,$B$11),$B$1,INDEX(CONSENSUS!$A$2:$BZ$20001,0,$B$12),$B$4,INDEX(CONSENSUS!$A$2:$BZ$20001,0,$B$13),$B$6,INDEX(CONSENSUS!$A$2:$BZ$20001,0,$B$10),$A35,INDEX(CONSENSUS!$A$2:$BZ$20001,0,E$27),"<>")) | F57: =IF(F$27="",0,COUNTIFS(INDEX(CONSENSUS!$A$2:$BZ$20001,0,$B$11),$B$1,INDEX(CONSENSUS!$A$2:$BZ$20001,0,$B$12),$B$4,INDEX(CONSENSUS!$A$2:$BZ$20001,0,$B$13),$B$6,INDEX(CONSENSUS!$A$2:$BZ$20001,0,$B$10),$A35,INDEX(CONSENSUS!$A$2:$BZ$20001,0,F$27),"<>")) | G57: =IF(G$27="",0,COUNTIFS(INDEX(CONSENSUS!$A$2:$BZ$20001,0,$B$11),$B$1,INDEX(CONSENSUS!$A$2:$BZ$20001,0,$B$12),$B$4,INDEX(CONSENSUS!$A$2:$BZ$20001,0,$B$13),$B$6,INDEX(CONSENSUS!$A$2:$BZ$20001,0,$B$10),$A35,INDEX(CONSENSUS!$A$2:$BZ$20001,0,G$27),"<>")) | H57: =IF(H$27="",0,COUNTIFS(INDEX(CONSENSUS!$A$2:$BZ$20001,0,$B$11),$B$1,INDEX(CONSENSUS!$A$2:$BZ$20001,0,$B$12),$B$4,INDEX(CONSENSUS!$A$2:$BZ$20001,0,$B$13),$B$6,INDEX(CONSENSUS!$A$2:$BZ$20001,0,$B$10),$A35,INDEX(CONSENSUS!$A$2:$BZ$20001,0,H$27),"<>")) | I57: =IF(I$27="",0,COUNTIFS(INDEX(CONSENSUS!$A$2:$BZ$20001,0,$B$11),$B$1,INDEX(CONSENSUS!$A$2:$BZ$20001,0,$B$12),$B$4,INDEX(CONSENSUS!$A$2:$BZ$20001,0,$B$13),$B$6,INDEX(CONSENSUS!$A$2:$BZ$20001,0,$B$10),$A35,INDEX(CONSENSUS!$A$2:$BZ$20001,0,I$27),"<>")) | J57: =IF(J$27="",0,COUNTIFS(INDEX(CONSENSUS!$A$2:$BZ$20001,0,$B$11),$B$1,INDEX(CONSENSUS!$A$2:$BZ$20001,0,$B$12),$B$4,INDEX(CONSENSUS!$A$2:$BZ$20001,0,$B$13),$B$6,INDEX(CONSENSUS!$A$2:$BZ$20001,0,$B$10),$A35,INDEX(CONSENSUS!$A$2:$BZ$20001,0,J$27),"<>")) | K57: =IF(K$27="",0,COUNTIFS(INDEX(CONSENSUS!$A$2:$BZ$20001,0,$B$11),$B$1,INDEX(CONSENSUS!$A$2:$BZ$20001,0,$B$12),$B$4,INDEX(CONSENSUS!$A$2:$BZ$20001,0,$B$13),$B$6,INDEX(CONSENSUS!$A$2:$BZ$20001,0,$B$10),$A35,INDEX(CONSENSUS!$A$2:$BZ$20001,0,K$27),"<>")) | ... AM57: =IF(AM$27="",0,COUNTIFS(INDEX(CONSENSUS!$A$2:$BZ$20001,0,$B$11),$B$1,INDEX(CONSENSUS!$A$2:$BZ$20001,0,$B$12),$B$4,INDEX(CONSENSUS!$A$2:$BZ$20001,0,$B$13),$B$6,INDEX(CONSENSUS!$A$2:$BZ$20001,0,$B$10),$A35,INDEX(CONSENSUS!$A$2:$BZ$20001,0,AM$27),"<>"))
D58: =IF(D$27="",0,COUNTIFS(INDEX(CONSENSUS!$A$2:$BZ$20001,0,$B$11),$B$1,INDEX(CONSENSUS!$A$2:$BZ$20001,0,$B$12),$B$4,INDEX(CONSENSUS!$A$2:$BZ$20001,0,$B$13),$B$5,INDEX(CONSENSUS!$A$2:$BZ$20001,0,$B$10),$A36,INDEX(CONSENSUS!$A$2:$BZ$20001,0,D$27),"<>")) | E58: =IF(E$27="",0,COUNTIFS(INDEX(CONSENSUS!$A$2:$BZ$20001,0,$B$11),$B$1,INDEX(CONSENSUS!$A$2:$BZ$20001,0,$B$12),$B$4,INDEX(CONSENSUS!$A$2:$BZ$20001,0,$B$13),$B$5,INDEX(CONSENSUS!$A$2:$BZ$20001,0,$B$10),$A36,INDEX(CONSENSUS!$A$2:$BZ$20001,0,E$27),"<>")) | F58: =IF(F$27="",0,COUNTIFS(INDEX(CONSENSUS!$A$2:$BZ$20001,0,$B$11),$B$1,INDEX(CONSENSUS!$A$2:$BZ$20001,0,$B$12),$B$4,INDEX(CONSENSUS!$A$2:$BZ$20001,0,$B$13),$B$5,INDEX(CONSENSUS!$A$2:$BZ$20001,0,$B$10),$A36,INDEX(CONSENSUS!$A$2:$BZ$20001,0,F$27),"<>")) | G58: =IF(G$27="",0,COUNTIFS(INDEX(CONSENSUS!$A$2:$BZ$20001,0,$B$11),$B$1,INDEX(CONSENSUS!$A$2:$BZ$20001,0,$B$12),$B$4,INDEX(CONSENSUS!$A$2:$BZ$20001,0,$B$13),$B$5,INDEX(CONSENSUS!$A$2:$BZ$20001,0,$B$10),$A36,INDEX(CONSENSUS!$A$2:$BZ$20001,0,G$27),"<>")) | H58: =IF(H$27="",0,COUNTIFS(INDEX(CONSENSUS!$A$2:$BZ$20001,0,$B$11),$B$1,INDEX(CONSENSUS!$A$2:$BZ$20001,0,$B$12),$B$4,INDEX(CONSENSUS!$A$2:$BZ$20001,0,$B$13),$B$5,INDEX(CONSENSUS!$A$2:$BZ$20001,0,$B$10),$A36,INDEX(CONSENSUS!$A$2:$BZ$20001,0,H$27),"<>")) | I58: =IF(I$27="",0,COUNTIFS(INDEX(CONSENSUS!$A$2:$BZ$20001,0,$B$11),$B$1,INDEX(CONSENSUS!$A$2:$BZ$20001,0,$B$12),$B$4,INDEX(CONSENSUS!$A$2:$BZ$20001,0,$B$13),$B$5,INDEX(CONSENSUS!$A$2:$BZ$20001,0,$B$10),$A36,INDEX(CONSENSUS!$A$2:$BZ$20001,0,I$27),"<>")) | J58: =IF(J$27="",0,COUNTIFS(INDEX(CONSENSUS!$A$2:$BZ$20001,0,$B$11),$B$1,INDEX(CONSENSUS!$A$2:$BZ$20001,0,$B$12),$B$4,INDEX(CONSENSUS!$A$2:$BZ$20001,0,$B$13),$B$5,INDEX(CONSENSUS!$A$2:$BZ$20001,0,$B$10),$A36,INDEX(CONSENSUS!$A$2:$BZ$20001,0,J$27),"<>")) | K58: =IF(K$27="",0,COUNTIFS(INDEX(CONSENSUS!$A$2:$BZ$20001,0,$B$11),$B$1,INDEX(CONSENSUS!$A$2:$BZ$20001,0,$B$12),$B$4,INDEX(CONSENSUS!$A$2:$BZ$20001,0,$B$13),$B$5,INDEX(CONSENSUS!$A$2:$BZ$20001,0,$B$10),$A36,INDEX(CONSENSUS!$A$2:$BZ$20001,0,K$27),"<>")) | ... AM58: =IF(AM$27="",0,COUNTIFS(INDEX(CONSENSUS!$A$2:$BZ$20001,0,$B$11),$B$1,INDEX(CONSENSUS!$A$2:$BZ$20001,0,$B$12),$B$4,INDEX(CONSENSUS!$A$2:$BZ$20001,0,$B$13),$B$5,INDEX(CONSENSUS!$A$2:$BZ$20001,0,$B$10),$A36,INDEX(CONSENSUS!$A$2:$BZ$20001,0,AM$27),"<>"))
D59: =IF(D$27="",0,COUNTIFS(INDEX(CONSENSUS!$A$2:$BZ$20001,0,$B$11),$B$1,INDEX(CONSENSUS!$A$2:$BZ$20001,0,$B$12),$B$4,INDEX(CONSENSUS!$A$2:$BZ$20001,0,$B$13),$B$5,INDEX(CONSENSUS!$A$2:$BZ$20001,0,$B$10),$A37,INDEX(CONSENSUS!$A$2:$BZ$20001,0,D$27),"<>")) | E59: =IF(E$27="",0,COUNTIFS(INDEX(CONSENSUS!$A$2:$BZ$20001,0,$B$11),$B$1,INDEX(CONSENSUS!$A$2:$BZ$20001,0,$B$12),$B$4,INDEX(CONSENSUS!$A$2:$BZ$20001,0,$B$13),$B$5,INDEX(CONSENSUS!$A$2:$BZ$20001,0,$B$10),$A37,INDEX(CONSENSUS!$A$2:$BZ$20001,0,E$27),"<>")) | F59: =IF(F$27="",0,COUNTIFS(INDEX(CONSENSUS!$A$2:$BZ$20001,0,$B$11),$B$1,INDEX(CONSENSUS!$A$2:$BZ$20001,0,$B$12),$B$4,INDEX(CONSENSUS!$A$2:$BZ$20001,0,$B$13),$B$5,INDEX(CONSENSUS!$A$2:$BZ$20001,0,$B$10),$A37,INDEX(CONSENSUS!$A$2:$BZ$20001,0,F$27),"<>")) | G59: =IF(G$27="",0,COUNTIFS(INDEX(CONSENSUS!$A$2:$BZ$20001,0,$B$11),$B$1,INDEX(CONSENSUS!$A$2:$BZ$20001,0,$B$12),$B$4,INDEX(CONSENSUS!$A$2:$BZ$20001,0,$B$13),$B$5,INDEX(CONSENSUS!$A$2:$BZ$20001,0,$B$10),$A37,INDEX(CONSENSUS!$A$2:$BZ$20001,0,G$27),"<>")) | H59: =IF(H$27="",0,COUNTIFS(INDEX(CONSENSUS!$A$2:$BZ$20001,0,$B$11),$B$1,INDEX(CONSENSUS!$A$2:$BZ$20001,0,$B$12),$B$4,INDEX(CONSENSUS!$A$2:$BZ$20001,0,$B$13),$B$5,INDEX(CONSENSUS!$A$2:$BZ$20001,0,$B$10),$A37,INDEX(CONSENSUS!$A$2:$BZ$20001,0,H$27),"<>")) | I59: =IF(I$27="",0,COUNTIFS(INDEX(CONSENSUS!$A$2:$BZ$20001,0,$B$11),$B$1,INDEX(CONSENSUS!$A$2:$BZ$20001,0,$B$12),$B$4,INDEX(CONSENSUS!$A$2:$BZ$20001,0,$B$13),$B$5,INDEX(CONSENSUS!$A$2:$BZ$20001,0,$B$10),$A37,INDEX(CONSENSUS!$A$2:$BZ$20001,0,I$27),"<>")) | J59: =IF(J$27="",0,COUNTIFS(INDEX(CONSENSUS!$A$2:$BZ$20001,0,$B$11),$B$1,INDEX(CONSENSUS!$A$2:$BZ$20001,0,$B$12),$B$4,INDEX(CONSENSUS!$A$2:$BZ$20001,0,$B$13),$B$5,INDEX(CONSENSUS!$A$2:$BZ$20001,0,$B$10),$A37,INDEX(CONSENSUS!$A$2:$BZ$20001,0,J$27),"<>")) | K59: =IF(K$27="",0,COUNTIFS(INDEX(CONSENSUS!$A$2:$BZ$20001,0,$B$11),$B$1,INDEX(CONSENSUS!$A$2:$BZ$20001,0,$B$12),$B$4,INDEX(CONSENSUS!$A$2:$BZ$20001,0,$B$13),$B$5,INDEX(CONSENSUS!$A$2:$BZ$20001,0,$B$10),$A37,INDEX(CONSENSUS!$A$2:$BZ$20001,0,K$27),"<>")) | ... AM59: =IF(AM$27="",0,COUNTIFS(INDEX(CONSENSUS!$A$2:$BZ$20001,0,$B$11),$B$1,INDEX(CONSENSUS!$A$2:$BZ$20001,0,$B$12),$B$4,INDEX(CONSENSUS!$A$2:$BZ$20001,0,$B$13),$B$5,INDEX(CONSENSUS!$A$2:$BZ$20001,0,$B$10),$A37,INDEX(CONSENSUS!$A$2:$BZ$20001,0,AM$27),"<>"))
D60: =IF(D$28="",0,COUNTIFS(INDEX(BESTFIT!$A$2:$BZ$20001,0,$B$15),$B$1,INDEX(BESTFIT!$A$2:$BZ$20001,0,$B$16),$B$4,INDEX(BESTFIT!$A$2:$BZ$20001,0,$B$14),$A38,INDEX(BESTFIT!$A$2:$BZ$20001,0,D$28),"<>")) | E60: =IF(E$28="",0,COUNTIFS(INDEX(BESTFIT!$A$2:$BZ$20001,0,$B$15),$B$1,INDEX(BESTFIT!$A$2:$BZ$20001,0,$B$16),$B$4,INDEX(BESTFIT!$A$2:$BZ$20001,0,$B$14),$A38,INDEX(BESTFIT!$A$2:$BZ$20001,0,E$28),"<>")) | F60: =IF(F$28="",0,COUNTIFS(INDEX(BESTFIT!$A$2:$BZ$20001,0,$B$15),$B$1,INDEX(BESTFIT!$A$2:$BZ$20001,0,$B$16),$B$4,INDEX(BESTFIT!$A$2:$BZ$20001,0,$B$14),$A38,INDEX(BESTFIT!$A$2:$BZ$20001,0,F$28),"<>")) | G60: =IF(G$28="",0,COUNTIFS(INDEX(BESTFIT!$A$2:$BZ$20001,0,$B$15),$B$1,INDEX(BESTFIT!$A$2:$BZ$20001,0,$B$16),$B$4,INDEX(BESTFIT!$A$2:$BZ$20001,0,$B$14),$A38,INDEX(BESTFIT!$A$2:$BZ$20001,0,G$28),"<>")) | H60: =IF(H$28="",0,COUNTIFS(INDEX(BESTFIT!$A$2:$BZ$20001,0,$B$15),$B$1,INDEX(BESTFIT!$A$2:$BZ$20001,0,$B$16),$B$4,INDEX(BESTFIT!$A$2:$BZ$20001,0,$B$14),$A38,INDEX(BESTFIT!$A$2:$BZ$20001,0,H$28),"<>")) | I60: =IF(I$28="",0,COUNTIFS(INDEX(BESTFIT!$A$2:$BZ$20001,0,$B$15),$B$1,INDEX(BESTFIT!$A$2:$BZ$20001,0,$B$16),$B$4,INDEX(BESTFIT!$A$2:$BZ$20001,0,$B$14),$A38,INDEX(BESTFIT!$A$2:$BZ$20001,0,I$28),"<>")) | J60: =IF(J$28="",0,COUNTIFS(INDEX(BESTFIT!$A$2:$BZ$20001,0,$B$15),$B$1,INDEX(BESTFIT!$A$2:$BZ$20001,0,$B$16),$B$4,INDEX(BESTFIT!$A$2:$BZ$20001,0,$B$14),$A38,INDEX(BESTFIT!$A$2:$BZ$20001,0,J$28),"<>")) | K60: =IF(K$28="",0,COUNTIFS(INDEX(BESTFIT!$A$2:$BZ$20001,0,$B$15),$B$1,INDEX(BESTFIT!$A$2:$BZ$20001,0,$B$16),$B$4,INDEX(BESTFIT!$A$2:$BZ$20001,0,$B$14),$A38,INDEX(BESTFIT!$A$2:$BZ$20001,0,K$28),"<>")) | ... AM60: =IF(AM$28="",0,COUNTIFS(INDEX(BESTFIT!$A$2:$BZ$20001,0,$B$15),$B$1,INDEX(BESTFIT!$A$2:$BZ$20001,0,$B$16),$B$4,INDEX(BESTFIT!$A$2:$BZ$20001,0,$B$14),$A38,INDEX(BESTFIT!$A$2:$BZ$20001,0,AM$28),"<>"))
D61: =IF(D$28="",0,COUNTIFS(INDEX(BESTFIT!$A$2:$BZ$20001,0,$B$15),$B$1,INDEX(BESTFIT!$A$2:$BZ$20001,0,$B$16),$B$4,INDEX(BESTFIT!$A$2:$BZ$20001,0,$B$14),$A39,INDEX(BESTFIT!$A$2:$BZ$20001,0,D$28),"<>")) | E61: =IF(E$28="",0,COUNTIFS(INDEX(BESTFIT!$A$2:$BZ$20001,0,$B$15),$B$1,INDEX(BESTFIT!$A$2:$BZ$20001,0,$B$16),$B$4,INDEX(BESTFIT!$A$2:$BZ$20001,0,$B$14),$A39,INDEX(BESTFIT!$A$2:$BZ$20001,0,E$28),"<>")) | F61: =IF(F$28="",0,COUNTIFS(INDEX(BESTFIT!$A$2:$BZ$20001,0,$B$15),$B$1,INDEX(BESTFIT!$A$2:$BZ$20001,0,$B$16),$B$4,INDEX(BESTFIT!$A$2:$BZ$20001,0,$B$14),$A39,INDEX(BESTFIT!$A$2:$BZ$20001,0,F$28),"<>")) | G61: =IF(G$28="",0,COUNTIFS(INDEX(BESTFIT!$A$2:$BZ$20001,0,$B$15),$B$1,INDEX(BESTFIT!$A$2:$BZ$20001,0,$B$16),$B$4,INDEX(BESTFIT!$A$2:$BZ$20001,0,$B$14),$A39,INDEX(BESTFIT!$A$2:$BZ$20001,0,G$28),"<>")) | H61: =IF(H$28="",0,COUNTIFS(INDEX(BESTFIT!$A$2:$BZ$20001,0,$B$15),$B$1,INDEX(BESTFIT!$A$2:$BZ$20001,0,$B$16),$B$4,INDEX(BESTFIT!$A$2:$BZ$20001,0,$B$14),$A39,INDEX(BESTFIT!$A$2:$BZ$20001,0,H$28),"<>")) | I61: =IF(I$28="",0,COUNTIFS(INDEX(BESTFIT!$A$2:$BZ$20001,0,$B$15),$B$1,INDEX(BESTFIT!$A$2:$BZ$20001,0,$B$16),$B$4,INDEX(BESTFIT!$A$2:$BZ$20001,0,$B$14),$A39,INDEX(BESTFIT!$A$2:$BZ$20001,0,I$28),"<>")) | J61: =IF(J$28="",0,COUNTIFS(INDEX(BESTFIT!$A$2:$BZ$20001,0,$B$15),$B$1,INDEX(BESTFIT!$A$2:$BZ$20001,0,$B$16),$B$4,INDEX(BESTFIT!$A$2:$BZ$20001,0,$B$14),$A39,INDEX(BESTFIT!$A$2:$BZ$20001,0,J$28),"<>")) | K61: =IF(K$28="",0,COUNTIFS(INDEX(BESTFIT!$A$2:$BZ$20001,0,$B$15),$B$1,INDEX(BESTFIT!$A$2:$BZ$20001,0,$B$16),$B$4,INDEX(BESTFIT!$A$2:$BZ$20001,0,$B$14),$A39,INDEX(BESTFIT!$A$2:$BZ$20001,0,K$28),"<>")) | ... AM61: =IF(AM$28="",0,COUNTIFS(INDEX(BESTFIT!$A$2:$BZ$20001,0,$B$15),$B$1,INDEX(BESTFIT!$A$2:$BZ$20001,0,$B$16),$B$4,INDEX(BESTFIT!$A$2:$BZ$20001,0,$B$14),$A39,INDEX(BESTFIT!$A$2:$BZ$20001,0,AM$28),"<>"))
D62: =IF(D$28="",0,COUNTIFS(INDEX(BESTFIT!$A$2:$BZ$20001,0,$B$15),$B$1,INDEX(BESTFIT!$A$2:$BZ$20001,0,$B$16),$B$4,INDEX(BESTFIT!$A$2:$BZ$20001,0,$B$14),$A40,INDEX(BESTFIT!$A$2:$BZ$20001,0,D$28),"<>")) | E62: =IF(E$28="",0,COUNTIFS(INDEX(BESTFIT!$A$2:$BZ$20001,0,$B$15),$B$1,INDEX(BESTFIT!$A$2:$BZ$20001,0,$B$16),$B$4,INDEX(BESTFIT!$A$2:$BZ$20001,0,$B$14),$A40,INDEX(BESTFIT!$A$2:$BZ$20001,0,E$28),"<>")) | F62: =IF(F$28="",0,COUNTIFS(INDEX(BESTFIT!$A$2:$BZ$20001,0,$B$15),$B$1,INDEX(BESTFIT!$A$2:$BZ$20001,0,$B$16),$B$4,INDEX(BESTFIT!$A$2:$BZ$20001,0,$B$14),$A40,INDEX(BESTFIT!$A$2:$BZ$20001,0,F$28),"<>")) | G62: =IF(G$28="",0,COUNTIFS(INDEX(BESTFIT!$A$2:$BZ$20001,0,$B$15),$B$1,INDEX(BESTFIT!$A$2:$BZ$20001,0,$B$16),$B$4,INDEX(BESTFIT!$A$2:$BZ$20001,0,$B$14),$A40,INDEX(BESTFIT!$A$2:$BZ$20001,0,G$28),"<>")) | H62: =IF(H$28="",0,COUNTIFS(INDEX(BESTFIT!$A$2:$BZ$20001,0,$B$15),$B$1,INDEX(BESTFIT!$A$2:$BZ$20001,0,$B$16),$B$4,INDEX(BESTFIT!$A$2:$BZ$20001,0,$B$14),$A40,INDEX(BESTFIT!$A$2:$BZ$20001,0,H$28),"<>")) | I62: =IF(I$28="",0,COUNTIFS(INDEX(BESTFIT!$A$2:$BZ$20001,0,$B$15),$B$1,INDEX(BESTFIT!$A$2:$BZ$20001,0,$B$16),$B$4,INDEX(BESTFIT!$A$2:$BZ$20001,0,$B$14),$A40,INDEX(BESTFIT!$A$2:$BZ$20001,0,I$28),"<>")) | J62: =IF(J$28="",0,COUNTIFS(INDEX(BESTFIT!$A$2:$BZ$20001,0,$B$15),$B$1,INDEX(BESTFIT!$A$2:$BZ$20001,0,$B$16),$B$4,INDEX(BESTFIT!$A$2:$BZ$20001,0,$B$14),$A40,INDEX(BESTFIT!$A$2:$BZ$20001,0,J$28),"<>")) | K62: =IF(K$28="",0,COUNTIFS(INDEX(BESTFIT!$A$2:$BZ$20001,0,$B$15),$B$1,INDEX(BESTFIT!$A$2:$BZ$20001,0,$B$16),$B$4,INDEX(BESTFIT!$A$2:$BZ$20001,0,$B$14),$A40,INDEX(BESTFIT!$A$2:$BZ$20001,0,K$28),"<>")) | ... AM62: =IF(AM$28="",0,COUNTIFS(INDEX(BESTFIT!$A$2:$BZ$20001,0,$B$15),$B$1,INDEX(BESTFIT!$A$2:$BZ$20001,0,$B$16),$B$4,INDEX(BESTFIT!$A$2:$BZ$20001,0,$B$14),$A40,INDEX(BESTFIT!$A$2:$BZ$20001,0,AM$28),"<>"))
D63: =IF(OR($A41="",D$29=""),0,COUNTIFS(INDEX(ALGO!$A$2:$BZ$20001,0,$B$19),$B$1,INDEX(ALGO!$A$2:$BZ$20001,0,$B$20),$B$4,INDEX(ALGO!$A$2:$BZ$20001,0,$B$18),$A41,INDEX(ALGO!$A$2:$BZ$20001,0,D$29),"<>")) | E63: =IF(OR($A41="",E$29=""),0,COUNTIFS(INDEX(ALGO!$A$2:$BZ$20001,0,$B$19),$B$1,INDEX(ALGO!$A$2:$BZ$20001,0,$B$20),$B$4,INDEX(ALGO!$A$2:$BZ$20001,0,$B$18),$A41,INDEX(ALGO!$A$2:$BZ$20001,0,E$29),"<>")) | F63: =IF(OR($A41="",F$29=""),0,COUNTIFS(INDEX(ALGO!$A$2:$BZ$20001,0,$B$19),$B$1,INDEX(ALGO!$A$2:$BZ$20001,0,$B$20),$B$4,INDEX(ALGO!$A$2:$BZ$20001,0,$B$18),$A41,INDEX(ALGO!$A$2:$BZ$20001,0,F$29),"<>")) | G63: =IF(OR($A41="",G$29=""),0,COUNTIFS(INDEX(ALGO!$A$2:$BZ$20001,0,$B$19),$B$1,INDEX(ALGO!$A$2:$BZ$20001,0,$B$20),$B$4,INDEX(ALGO!$A$2:$BZ$20001,0,$B$18),$A41,INDEX(ALGO!$A$2:$BZ$20001,0,G$29),"<>")) | H63: =IF(OR($A41="",H$29=""),0,COUNTIFS(INDEX(ALGO!$A$2:$BZ$20001,0,$B$19),$B$1,INDEX(ALGO!$A$2:$BZ$20001,0,$B$20),$B$4,INDEX(ALGO!$A$2:$BZ$20001,0,$B$18),$A41,INDEX(ALGO!$A$2:$BZ$20001,0,H$29),"<>")) | I63: =IF(OR($A41="",I$29=""),0,COUNTIFS(INDEX(ALGO!$A$2:$BZ$20001,0,$B$19),$B$1,INDEX(ALGO!$A$2:$BZ$20001,0,$B$20),$B$4,INDEX(ALGO!$A$2:$BZ$20001,0,$B$18),$A41,INDEX(ALGO!$A$2:$BZ$20001,0,I$29),"<>")) | J63: =IF(OR($A41="",J$29=""),0,COUNTIFS(INDEX(ALGO!$A$2:$BZ$20001,0,$B$19),$B$1,INDEX(ALGO!$A$2:$BZ$20001,0,$B$20),$B$4,INDEX(ALGO!$A$2:$BZ$20001,0,$B$18),$A41,INDEX(ALGO!$A$2:$BZ$20001,0,J$29),"<>")) | K63: =IF(OR($A41="",K$29=""),0,COUNTIFS(INDEX(ALGO!$A$2:$BZ$20001,0,$B$19),$B$1,INDEX(ALGO!$A$2:$BZ$20001,0,$B$20),$B$4,INDEX(ALGO!$A$2:$BZ$20001,0,$B$18),$A41,INDEX(ALGO!$A$2:$BZ$20001,0,K$29),"<>")) | ... AM63: =IF(OR($A41="",AM$29=""),0,COUNTIFS(INDEX(ALGO!$A$2:$BZ$20001,0,$B$19),$B$1,INDEX(ALGO!$A$2:$BZ$20001,0,$B$20),$B$4,INDEX(ALGO!$A$2:$BZ$20001,0,$B$18),$A41,INDEX(ALGO!$A$2:$BZ$20001,0,AM$29),"<>"))
D64: =IF(OR($A42="",D$29=""),0,COUNTIFS(INDEX(ALGO!$A$2:$BZ$20001,0,$B$19),$B$1,INDEX(ALGO!$A$2:$BZ$20001,0,$B$20),$B$4,INDEX(ALGO!$A$2:$BZ$20001,0,$B$18),$A42,INDEX(ALGO!$A$2:$BZ$20001,0,D$29),"<>")) | E64: =IF(OR($A42="",E$29=""),0,COUNTIFS(INDEX(ALGO!$A$2:$BZ$20001,0,$B$19),$B$1,INDEX(ALGO!$A$2:$BZ$20001,0,$B$20),$B$4,INDEX(ALGO!$A$2:$BZ$20001,0,$B$18),$A42,INDEX(ALGO!$A$2:$BZ$20001,0,E$29),"<>")) | F64: =IF(OR($A42="",F$29=""),0,COUNTIFS(INDEX(ALGO!$A$2:$BZ$20001,0,$B$19),$B$1,INDEX(ALGO!$A$2:$BZ$20001,0,$B$20),$B$4,INDEX(ALGO!$A$2:$BZ$20001,0,$B$18),$A42,INDEX(ALGO!$A$2:$BZ$20001,0,F$29),"<>")) | G64: =IF(OR($A42="",G$29=""),0,COUNTIFS(INDEX(ALGO!$A$2:$BZ$20001,0,$B$19),$B$1,INDEX(ALGO!$A$2:$BZ$20001,0,$B$20),$B$4,INDEX(ALGO!$A$2:$BZ$20001,0,$B$18),$A42,INDEX(ALGO!$A$2:$BZ$20001,0,G$29),"<>")) | H64: =IF(OR($A42="",H$29=""),0,COUNTIFS(INDEX(ALGO!$A$2:$BZ$20001,0,$B$19),$B$1,INDEX(ALGO!$A$2:$BZ$20001,0,$B$20),$B$4,INDEX(ALGO!$A$2:$BZ$20001,0,$B$18),$A42,INDEX(ALGO!$A$2:$BZ$20001,0,H$29),"<>")) | I64: =IF(OR($A42="",I$29=""),0,COUNTIFS(INDEX(ALGO!$A$2:$BZ$20001,0,$B$19),$B$1,INDEX(ALGO!$A$2:$BZ$20001,0,$B$20),$B$4,INDEX(ALGO!$A$2:$BZ$20001,0,$B$18),$A42,INDEX(ALGO!$A$2:$BZ$20001,0,I$29),"<>")) | J64: =IF(OR($A42="",J$29=""),0,COUNTIFS(INDEX(ALGO!$A$2:$BZ$20001,0,$B$19),$B$1,INDEX(ALGO!$A$2:$BZ$20001,0,$B$20),$B$4,INDEX(ALGO!$A$2:$BZ$20001,0,$B$18),$A42,INDEX(ALGO!$A$2:$BZ$20001,0,J$29),"<>")) | K64: =IF(OR($A42="",K$29=""),0,COUNTIFS(INDEX(ALGO!$A$2:$BZ$20001,0,$B$19),$B$1,INDEX(ALGO!$A$2:$BZ$20001,0,$B$20),$B$4,INDEX(ALGO!$A$2:$BZ$20001,0,$B$18),$A42,INDEX(ALGO!$A$2:$BZ$20001,0,K$29),"<>")) | ... AM64: =IF(OR($A42="",AM$29=""),0,COUNTIFS(INDEX(ALGO!$A$2:$BZ$20001,0,$B$19),$B$1,INDEX(ALGO!$A$2:$BZ$20001,0,$B$20),$B$4,INDEX(ALGO!$A$2:$BZ$20001,0,$B$18),$A42,INDEX(ALGO!$A$2:$BZ$20001,0,AM$29),"<>"))
D65: =IF(OR($A43="",D$29=""),0,COUNTIFS(INDEX(ALGO!$A$2:$BZ$20001,0,$B$19),$B$1,INDEX(ALGO!$A$2:$BZ$20001,0,$B$20),$B$4,INDEX(ALGO!$A$2:$BZ$20001,0,$B$18),$A43,INDEX(ALGO!$A$2:$BZ$20001,0,D$29),"<>")) | E65: =IF(OR($A43="",E$29=""),0,COUNTIFS(INDEX(ALGO!$A$2:$BZ$20001,0,$B$19),$B$1,INDEX(ALGO!$A$2:$BZ$20001,0,$B$20),$B$4,INDEX(ALGO!$A$2:$BZ$20001,0,$B$18),$A43,INDEX(ALGO!$A$2:$BZ$20001,0,E$29),"<>")) | F65: =IF(OR($A43="",F$29=""),0,COUNTIFS(INDEX(ALGO!$A$2:$BZ$20001,0,$B$19),$B$1,INDEX(ALGO!$A$2:$BZ$20001,0,$B$20),$B$4,INDEX(ALGO!$A$2:$BZ$20001,0,$B$18),$A43,INDEX(ALGO!$A$2:$BZ$20001,0,F$29),"<>")) | G65: =IF(OR($A43="",G$29=""),0,COUNTIFS(INDEX(ALGO!$A$2:$BZ$20001,0,$B$19),$B$1,INDEX(ALGO!$A$2:$BZ$20001,0,$B$20),$B$4,INDEX(ALGO!$A$2:$BZ$20001,0,$B$18),$A43,INDEX(ALGO!$A$2:$BZ$20001,0,G$29),"<>")) | H65: =IF(OR($A43="",H$29=""),0,COUNTIFS(INDEX(ALGO!$A$2:$BZ$20001,0,$B$19),$B$1,INDEX(ALGO!$A$2:$BZ$20001,0,$B$20),$B$4,INDEX(ALGO!$A$2:$BZ$20001,0,$B$18),$A43,INDEX(ALGO!$A$2:$BZ$20001,0,H$29),"<>")) | I65: =IF(OR($A43="",I$29=""),0,COUNTIFS(INDEX(ALGO!$A$2:$BZ$20001,0,$B$19),$B$1,INDEX(ALGO!$A$2:$BZ$20001,0,$B$20),$B$4,INDEX(ALGO!$A$2:$BZ$20001,0,$B$18),$A43,INDEX(ALGO!$A$2:$BZ$20001,0,I$29),"<>")) | J65: =IF(OR($A43="",J$29=""),0,COUNTIFS(INDEX(ALGO!$A$2:$BZ$20001,0,$B$19),$B$1,INDEX(ALGO!$A$2:$BZ$20001,0,$B$20),$B$4,INDEX(ALGO!$A$2:$BZ$20001,0,$B$18),$A43,INDEX(ALGO!$A$2:$BZ$20001,0,J$29),"<>")) | K65: =IF(OR($A43="",K$29=""),0,COUNTIFS(INDEX(ALGO!$A$2:$BZ$20001,0,$B$19),$B$1,INDEX(ALGO!$A$2:$BZ$20001,0,$B$20),$B$4,INDEX(ALGO!$A$2:$BZ$20001,0,$B$18),$A43,INDEX(ALGO!$A$2:$BZ$20001,0,K$29),"<>")) | ... AM65: =IF(OR($A43="",AM$29=""),0,COUNTIFS(INDEX(ALGO!$A$2:$BZ$20001,0,$B$19),$B$1,INDEX(ALGO!$A$2:$BZ$20001,0,$B$20),$B$4,INDEX(ALGO!$A$2:$BZ$20001,0,$B$18),$A43,INDEX(ALGO!$A$2:$BZ$20001,0,AM$29),"<>"))
D66: =IF(OR($A44="",D$29=""),0,COUNTIFS(INDEX(ALGO!$A$2:$BZ$20001,0,$B$19),$B$1,INDEX(ALGO!$A$2:$BZ$20001,0,$B$20),$B$4,INDEX(ALGO!$A$2:$BZ$20001,0,$B$18),$A44,INDEX(ALGO!$A$2:$BZ$20001,0,D$29),"<>")) | E66: =IF(OR($A44="",E$29=""),0,COUNTIFS(INDEX(ALGO!$A$2:$BZ$20001,0,$B$19),$B$1,INDEX(ALGO!$A$2:$BZ$20001,0,$B$20),$B$4,INDEX(ALGO!$A$2:$BZ$20001,0,$B$18),$A44,INDEX(ALGO!$A$2:$BZ$20001,0,E$29),"<>")) | F66: =IF(OR($A44="",F$29=""),0,COUNTIFS(INDEX(ALGO!$A$2:$BZ$20001,0,$B$19),$B$1,INDEX(ALGO!$A$2:$BZ$20001,0,$B$20),$B$4,INDEX(ALGO!$A$2:$BZ$20001,0,$B$18),$A44,INDEX(ALGO!$A$2:$BZ$20001,0,F$29),"<>")) | G66: =IF(OR($A44="",G$29=""),0,COUNTIFS(INDEX(ALGO!$A$2:$BZ$20001,0,$B$19),$B$1,INDEX(ALGO!$A$2:$BZ$20001,0,$B$20),$B$4,INDEX(ALGO!$A$2:$BZ$20001,0,$B$18),$A44,INDEX(ALGO!$A$2:$BZ$20001,0,G$29),"<>")) | H66: =IF(OR($A44="",H$29=""),0,COUNTIFS(INDEX(ALGO!$A$2:$BZ$20001,0,$B$19),$B$1,INDEX(ALGO!$A$2:$BZ$20001,0,$B$20),$B$4,INDEX(ALGO!$A$2:$BZ$20001,0,$B$18),$A44,INDEX(ALGO!$A$2:$BZ$20001,0,H$29),"<>")) | I66: =IF(OR($A44="",I$29=""),0,COUNTIFS(INDEX(ALGO!$A$2:$BZ$20001,0,$B$19),$B$1,INDEX(ALGO!$A$2:$BZ$20001,0,$B$20),$B$4,INDEX(ALGO!$A$2:$BZ$20001,0,$B$18),$A44,INDEX(ALGO!$A$2:$BZ$20001,0,I$29),"<>")) | J66: =IF(OR($A44="",J$29=""),0,COUNTIFS(INDEX(ALGO!$A$2:$BZ$20001,0,$B$19),$B$1,INDEX(ALGO!$A$2:$BZ$20001,0,$B$20),$B$4,INDEX(ALGO!$A$2:$BZ$20001,0,$B$18),$A44,INDEX(ALGO!$A$2:$BZ$20001,0,J$29),"<>")) | K66: =IF(OR($A44="",K$29=""),0,COUNTIFS(INDEX(ALGO!$A$2:$BZ$20001,0,$B$19),$B$1,INDEX(ALGO!$A$2:$BZ$20001,0,$B$20),$B$4,INDEX(ALGO!$A$2:$BZ$20001,0,$B$18),$A44,INDEX(ALGO!$A$2:$BZ$20001,0,K$29),"<>")) | ... AM66: =IF(OR($A44="",AM$29=""),0,COUNTIFS(INDEX(ALGO!$A$2:$BZ$20001,0,$B$19),$B$1,INDEX(ALGO!$A$2:$BZ$20001,0,$B$20),$B$4,INDEX(ALGO!$A$2:$BZ$20001,0,$B$18),$A44,INDEX(ALGO!$A$2:$BZ$20001,0,AM$29),"<>"))
D67: =IF(OR($A45="",D$29=""),0,COUNTIFS(INDEX(ALGO!$A$2:$BZ$20001,0,$B$19),$B$1,INDEX(ALGO!$A$2:$BZ$20001,0,$B$20),$B$4,INDEX(ALGO!$A$2:$BZ$20001,0,$B$18),$A45,INDEX(ALGO!$A$2:$BZ$20001,0,D$29),"<>")) | E67: =IF(OR($A45="",E$29=""),0,COUNTIFS(INDEX(ALGO!$A$2:$BZ$20001,0,$B$19),$B$1,INDEX(ALGO!$A$2:$BZ$20001,0,$B$20),$B$4,INDEX(ALGO!$A$2:$BZ$20001,0,$B$18),$A45,INDEX(ALGO!$A$2:$BZ$20001,0,E$29),"<>")) | F67: =IF(OR($A45="",F$29=""),0,COUNTIFS(INDEX(ALGO!$A$2:$BZ$20001,0,$B$19),$B$1,INDEX(ALGO!$A$2:$BZ$20001,0,$B$20),$B$4,INDEX(ALGO!$A$2:$BZ$20001,0,$B$18),$A45,INDEX(ALGO!$A$2:$BZ$20001,0,F$29),"<>")) | G67: =IF(OR($A45="",G$29=""),0,COUNTIFS(INDEX(ALGO!$A$2:$BZ$20001,0,$B$19),$B$1,INDEX(ALGO!$A$2:$BZ$20001,0,$B$20),$B$4,INDEX(ALGO!$A$2:$BZ$20001,0,$B$18),$A45,INDEX(ALGO!$A$2:$BZ$20001,0,G$29),"<>")) | H67: =IF(OR($A45="",H$29=""),0,COUNTIFS(INDEX(ALGO!$A$2:$BZ$20001,0,$B$19),$B$1,INDEX(ALGO!$A$2:$BZ$20001,0,$B$20),$B$4,INDEX(ALGO!$A$2:$BZ$20001,0,$B$18),$A45,INDEX(ALGO!$A$2:$BZ$20001,0,H$29),"<>")) | I67: =IF(OR($A45="",I$29=""),0,COUNTIFS(INDEX(ALGO!$A$2:$BZ$20001,0,$B$19),$B$1,INDEX(ALGO!$A$2:$BZ$20001,0,$B$20),$B$4,INDEX(ALGO!$A$2:$BZ$20001,0,$B$18),$A45,INDEX(ALGO!$A$2:$BZ$20001,0,I$29),"<>")) | J67: =IF(OR($A45="",J$29=""),0,COUNTIFS(INDEX(ALGO!$A$2:$BZ$20001,0,$B$19),$B$1,INDEX(ALGO!$A$2:$BZ$20001,0,$B$20),$B$4,INDEX(ALGO!$A$2:$BZ$20001,0,$B$18),$A45,INDEX(ALGO!$A$2:$BZ$20001,0,J$29),"<>")) | K67: =IF(OR($A45="",K$29=""),0,COUNTIFS(INDEX(ALGO!$A$2:$BZ$20001,0,$B$19),$B$1,INDEX(ALGO!$A$2:$BZ$20001,0,$B$20),$B$4,INDEX(ALGO!$A$2:$BZ$20001,0,$B$18),$A45,INDEX(ALGO!$A$2:$BZ$20001,0,K$29),"<>")) | ... AM67: =IF(OR($A45="",AM$29=""),0,COUNTIFS(INDEX(ALGO!$A$2:$BZ$20001,0,$B$19),$B$1,INDEX(ALGO!$A$2:$BZ$20001,0,$B$20),$B$4,INDEX(ALGO!$A$2:$BZ$20001,0,$B$18),$A45,INDEX(ALGO!$A$2:$BZ$20001,0,AM$29),"<>"))
D68: =IF(OR($A46="",D$29=""),0,COUNTIFS(INDEX(ALGO!$A$2:$BZ$20001,0,$B$19),$B$1,INDEX(ALGO!$A$2:$BZ$20001,0,$B$20),$B$4,INDEX(ALGO!$A$2:$BZ$20001,0,$B$18),$A46,INDEX(ALGO!$A$2:$BZ$20001,0,D$29),"<>")) | E68: =IF(OR($A46="",E$29=""),0,COUNTIFS(INDEX(ALGO!$A$2:$BZ$20001,0,$B$19),$B$1,INDEX(ALGO!$A$2:$BZ$20001,0,$B$20),$B$4,INDEX(ALGO!$A$2:$BZ$20001,0,$B$18),$A46,INDEX(ALGO!$A$2:$BZ$20001,0,E$29),"<>")) | F68: =IF(OR($A46="",F$29=""),0,COUNTIFS(INDEX(ALGO!$A$2:$BZ$20001,0,$B$19),$B$1,INDEX(ALGO!$A$2:$BZ$20001,0,$B$20),$B$4,INDEX(ALGO!$A$2:$BZ$20001,0,$B$18),$A46,INDEX(ALGO!$A$2:$BZ$20001,0,F$29),"<>")) | G68: =IF(OR($A46="",G$29=""),0,COUNTIFS(INDEX(ALGO!$A$2:$BZ$20001,0,$B$19),$B$1,INDEX(ALGO!$A$2:$BZ$20001,0,$B$20),$B$4,INDEX(ALGO!$A$2:$BZ$20001,0,$B$18),$A46,INDEX(ALGO!$A$2:$BZ$20001,0,G$29),"<>")) | H68: =IF(OR($A46="",H$29=""),0,COUNTIFS(INDEX(ALGO!$A$2:$BZ$20001,0,$B$19),$B$1,INDEX(ALGO!$A$2:$BZ$20001,0,$B$20),$B$4,INDEX(ALGO!$A$2:$BZ$20001,0,$B$18),$A46,INDEX(ALGO!$A$2:$BZ$20001,0,H$29),"<>")) | I68: =IF(OR($A46="",I$29=""),0,COUNTIFS(INDEX(ALGO!$A$2:$BZ$20001,0,$B$19),$B$1,INDEX(ALGO!$A$2:$BZ$20001,0,$B$20),$B$4,INDEX(ALGO!$A$2:$BZ$20001,0,$B$18),$A46,INDEX(ALGO!$A$2:$BZ$20001,0,I$29),"<>")) | J68: =IF(OR($A46="",J$29=""),0,COUNTIFS(INDEX(ALGO!$A$2:$BZ$20001,0,$B$19),$B$1,INDEX(ALGO!$A$2:$BZ$20001,0,$B$20),$B$4,INDEX(ALGO!$A$2:$BZ$20001,0,$B$18),$A46,INDEX(ALGO!$A$2:$BZ$20001,0,J$29),"<>")) | K68: =IF(OR($A46="",K$29=""),0,COUNTIFS(INDEX(ALGO!$A$2:$BZ$20001,0,$B$19),$B$1,INDEX(ALGO!$A$2:$BZ$20001,0,$B$20),$B$4,INDEX(ALGO!$A$2:$BZ$20001,0,$B$18),$A46,INDEX(ALGO!$A$2:$BZ$20001,0,K$29),"<>")) | ... AM68: =IF(OR($A46="",AM$29=""),0,COUNTIFS(INDEX(ALGO!$A$2:$BZ$20001,0,$B$19),$B$1,INDEX(ALGO!$A$2:$BZ$20001,0,$B$20),$B$4,INDEX(ALGO!$A$2:$BZ$20001,0,$B$18),$A46,INDEX(ALGO!$A$2:$BZ$20001,0,AM$29),"<>"))
D69: =IF(OR($A47="",D$29=""),0,COUNTIFS(INDEX(ALGO!$A$2:$BZ$20001,0,$B$19),$B$1,INDEX(ALGO!$A$2:$BZ$20001,0,$B$20),$B$4,INDEX(ALGO!$A$2:$BZ$20001,0,$B$18),$A47,INDEX(ALGO!$A$2:$BZ$20001,0,D$29),"<>")) | E69: =IF(OR($A47="",E$29=""),0,COUNTIFS(INDEX(ALGO!$A$2:$BZ$20001,0,$B$19),$B$1,INDEX(ALGO!$A$2:$BZ$20001,0,$B$20),$B$4,INDEX(ALGO!$A$2:$BZ$20001,0,$B$18),$A47,INDEX(ALGO!$A$2:$BZ$20001,0,E$29),"<>")) | F69: =IF(OR($A47="",F$29=""),0,COUNTIFS(INDEX(ALGO!$A$2:$BZ$20001,0,$B$19),$B$1,INDEX(ALGO!$A$2:$BZ$20001,0,$B$20),$B$4,INDEX(ALGO!$A$2:$BZ$20001,0,$B$18),$A47,INDEX(ALGO!$A$2:$BZ$20001,0,F$29),"<>")) | G69: =IF(OR($A47="",G$29=""),0,COUNTIFS(INDEX(ALGO!$A$2:$BZ$20001,0,$B$19),$B$1,INDEX(ALGO!$A$2:$BZ$20001,0,$B$20),$B$4,INDEX(ALGO!$A$2:$BZ$20001,0,$B$18),$A47,INDEX(ALGO!$A$2:$BZ$20001,0,G$29),"<>")) | H69: =IF(OR($A47="",H$29=""),0,COUNTIFS(INDEX(ALGO!$A$2:$BZ$20001,0,$B$19),$B$1,INDEX(ALGO!$A$2:$BZ$20001,0,$B$20),$B$4,INDEX(ALGO!$A$2:$BZ$20001,0,$B$18),$A47,INDEX(ALGO!$A$2:$BZ$20001,0,H$29),"<>")) | I69: =IF(OR($A47="",I$29=""),0,COUNTIFS(INDEX(ALGO!$A$2:$BZ$20001,0,$B$19),$B$1,INDEX(ALGO!$A$2:$BZ$20001,0,$B$20),$B$4,INDEX(ALGO!$A$2:$BZ$20001,0,$B$18),$A47,INDEX(ALGO!$A$2:$BZ$20001,0,I$29),"<>")) | J69: =IF(OR($A47="",J$29=""),0,COUNTIFS(INDEX(ALGO!$A$2:$BZ$20001,0,$B$19),$B$1,INDEX(ALGO!$A$2:$BZ$20001,0,$B$20),$B$4,INDEX(ALGO!$A$2:$BZ$20001,0,$B$18),$A47,INDEX(ALGO!$A$2:$BZ$20001,0,J$29),"<>")) | K69: =IF(OR($A47="",K$29=""),0,COUNTIFS(INDEX(ALGO!$A$2:$BZ$20001,0,$B$19),$B$1,INDEX(ALGO!$A$2:$BZ$20001,0,$B$20),$B$4,INDEX(ALGO!$A$2:$BZ$20001,0,$B$18),$A47,INDEX(ALGO!$A$2:$BZ$20001,0,K$29),"<>")) | ... AM69: =IF(OR($A47="",AM$29=""),0,COUNTIFS(INDEX(ALGO!$A$2:$BZ$20001,0,$B$19),$B$1,INDEX(ALGO!$A$2:$BZ$20001,0,$B$20),$B$4,INDEX(ALGO!$A$2:$BZ$20001,0,$B$18),$A47,INDEX(ALGO!$A$2:$BZ$20001,0,AM$29),"<>"))
D70: =IF(OR($A48="",D$29=""),0,COUNTIFS(INDEX(ALGO!$A$2:$BZ$20001,0,$B$19),$B$1,INDEX(ALGO!$A$2:$BZ$20001,0,$B$20),$B$4,INDEX(ALGO!$A$2:$BZ$20001,0,$B$18),$A48,INDEX(ALGO!$A$2:$BZ$20001,0,D$29),"<>")) | E70: =IF(OR($A48="",E$29=""),0,COUNTIFS(INDEX(ALGO!$A$2:$BZ$20001,0,$B$19),$B$1,INDEX(ALGO!$A$2:$BZ$20001,0,$B$20),$B$4,INDEX(ALGO!$A$2:$BZ$20001,0,$B$18),$A48,INDEX(ALGO!$A$2:$BZ$20001,0,E$29),"<>")) | F70: =IF(OR($A48="",F$29=""),0,COUNTIFS(INDEX(ALGO!$A$2:$BZ$20001,0,$B$19),$B$1,INDEX(ALGO!$A$2:$BZ$20001,0,$B$20),$B$4,INDEX(ALGO!$A$2:$BZ$20001,0,$B$18),$A48,INDEX(ALGO!$A$2:$BZ$20001,0,F$29),"<>")) | G70: =IF(OR($A48="",G$29=""),0,COUNTIFS(INDEX(ALGO!$A$2:$BZ$20001,0,$B$19),$B$1,INDEX(ALGO!$A$2:$BZ$20001,0,$B$20),$B$4,INDEX(ALGO!$A$2:$BZ$20001,0,$B$18),$A48,INDEX(ALGO!$A$2:$BZ$20001,0,G$29),"<>")) | H70: =IF(OR($A48="",H$29=""),0,COUNTIFS(INDEX(ALGO!$A$2:$BZ$20001,0,$B$19),$B$1,INDEX(ALGO!$A$2:$BZ$20001,0,$B$20),$B$4,INDEX(ALGO!$A$2:$BZ$20001,0,$B$18),$A48,INDEX(ALGO!$A$2:$BZ$20001,0,H$29),"<>")) | I70: =IF(OR($A48="",I$29=""),0,COUNTIFS(INDEX(ALGO!$A$2:$BZ$20001,0,$B$19),$B$1,INDEX(ALGO!$A$2:$BZ$20001,0,$B$20),$B$4,INDEX(ALGO!$A$2:$BZ$20001,0,$B$18),$A48,INDEX(ALGO!$A$2:$BZ$20001,0,I$29),"<>")) | J70: =IF(OR($A48="",J$29=""),0,COUNTIFS(INDEX(ALGO!$A$2:$BZ$20001,0,$B$19),$B$1,INDEX(ALGO!$A$2:$BZ$20001,0,$B$20),$B$4,INDEX(ALGO!$A$2:$BZ$20001,0,$B$18),$A48,INDEX(ALGO!$A$2:$BZ$20001,0,J$29),"<>")) | K70: =IF(OR($A48="",K$29=""),0,COUNTIFS(INDEX(ALGO!$A$2:$BZ$20001,0,$B$19),$B$1,INDEX(ALGO!$A$2:$BZ$20001,0,$B$20),$B$4,INDEX(ALGO!$A$2:$BZ$20001,0,$B$18),$A48,INDEX(ALGO!$A$2:$BZ$20001,0,K$29),"<>")) | ... AM70: =IF(OR($A48="",AM$29=""),0,COUNTIFS(INDEX(ALGO!$A$2:$BZ$20001,0,$B$19),$B$1,INDEX(ALGO!$A$2:$BZ$20001,0,$B$20),$B$4,INDEX(ALGO!$A$2:$BZ$20001,0,$B$18),$A48,INDEX(ALGO!$A$2:$BZ$20001,0,AM$29),"<>"))
D71: =IF(OR($A49="",D$29=""),0,COUNTIFS(INDEX(ALGO!$A$2:$BZ$20001,0,$B$19),$B$1,INDEX(ALGO!$A$2:$BZ$20001,0,$B$20),$B$4,INDEX(ALGO!$A$2:$BZ$20001,0,$B$18),$A49,INDEX(ALGO!$A$2:$BZ$20001,0,D$29),"<>")) | E71: =IF(OR($A49="",E$29=""),0,COUNTIFS(INDEX(ALGO!$A$2:$BZ$20001,0,$B$19),$B$1,INDEX(ALGO!$A$2:$BZ$20001,0,$B$20),$B$4,INDEX(ALGO!$A$2:$BZ$20001,0,$B$18),$A49,INDEX(ALGO!$A$2:$BZ$20001,0,E$29),"<>")) | F71: =IF(OR($A49="",F$29=""),0,COUNTIFS(INDEX(ALGO!$A$2:$BZ$20001,0,$B$19),$B$1,INDEX(ALGO!$A$2:$BZ$20001,0,$B$20),$B$4,INDEX(ALGO!$A$2:$BZ$20001,0,$B$18),$A49,INDEX(ALGO!$A$2:$BZ$20001,0,F$29),"<>")) | G71: =IF(OR($A49="",G$29=""),0,COUNTIFS(INDEX(ALGO!$A$2:$BZ$20001,0,$B$19),$B$1,INDEX(ALGO!$A$2:$BZ$20001,0,$B$20),$B$4,INDEX(ALGO!$A$2:$BZ$20001,0,$B$18),$A49,INDEX(ALGO!$A$2:$BZ$20001,0,G$29),"<>")) | H71: =IF(OR($A49="",H$29=""),0,COUNTIFS(INDEX(ALGO!$A$2:$BZ$20001,0,$B$19),$B$1,INDEX(ALGO!$A$2:$BZ$20001,0,$B$20),$B$4,INDEX(ALGO!$A$2:$BZ$20001,0,$B$18),$A49,INDEX(ALGO!$A$2:$BZ$20001,0,H$29),"<>")) | I71: =IF(OR($A49="",I$29=""),0,COUNTIFS(INDEX(ALGO!$A$2:$BZ$20001,0,$B$19),$B$1,INDEX(ALGO!$A$2:$BZ$20001,0,$B$20),$B$4,INDEX(ALGO!$A$2:$BZ$20001,0,$B$18),$A49,INDEX(ALGO!$A$2:$BZ$20001,0,I$29),"<>")) | J71: =IF(OR($A49="",J$29=""),0,COUNTIFS(INDEX(ALGO!$A$2:$BZ$20001,0,$B$19),$B$1,INDEX(ALGO!$A$2:$BZ$20001,0,$B$20),$B$4,INDEX(ALGO!$A$2:$BZ$20001,0,$B$18),$A49,INDEX(ALGO!$A$2:$BZ$20001,0,J$29),"<>")) | K71: =IF(OR($A49="",K$29=""),0,COUNTIFS(INDEX(ALGO!$A$2:$BZ$20001,0,$B$19),$B$1,INDEX(ALGO!$A$2:$BZ$20001,0,$B$20),$B$4,INDEX(ALGO!$A$2:$BZ$20001,0,$B$18),$A49,INDEX(ALGO!$A$2:$BZ$20001,0,K$29),"<>")) | ... AM71: =IF(OR($A49="",AM$29=""),0,COUNTIFS(INDEX(ALGO!$A$2:$BZ$20001,0,$B$19),$B$1,INDEX(ALGO!$A$2:$BZ$20001,0,$B$20),$B$4,INDEX(ALGO!$A$2:$BZ$20001,0,$B$18),$A49,INDEX(ALGO!$A$2:$BZ$20001,0,AM$29),"<>"))
D72: =IF(OR($A50="",D$29=""),0,COUNTIFS(INDEX(ALGO!$A$2:$BZ$20001,0,$B$19),$B$1,INDEX(ALGO!$A$2:$BZ$20001,0,$B$20),$B$4,INDEX(ALGO!$A$2:$BZ$20001,0,$B$18),$A50,INDEX(ALGO!$A$2:$BZ$20001,0,D$29),"<>")) | E72: =IF(OR($A50="",E$29=""),0,COUNTIFS(INDEX(ALGO!$A$2:$BZ$20001,0,$B$19),$B$1,INDEX(ALGO!$A$2:$BZ$20001,0,$B$20),$B$4,INDEX(ALGO!$A$2:$BZ$20001,0,$B$18),$A50,INDEX(ALGO!$A$2:$BZ$20001,0,E$29),"<>")) | F72: =IF(OR($A50="",F$29=""),0,COUNTIFS(INDEX(ALGO!$A$2:$BZ$20001,0,$B$19),$B$1,INDEX(ALGO!$A$2:$BZ$20001,0,$B$20),$B$4,INDEX(ALGO!$A$2:$BZ$20001,0,$B$18),$A50,INDEX(ALGO!$A$2:$BZ$20001,0,F$29),"<>")) | G72: =IF(OR($A50="",G$29=""),0,COUNTIFS(INDEX(ALGO!$A$2:$BZ$20001,0,$B$19),$B$1,INDEX(ALGO!$A$2:$BZ$20001,0,$B$20),$B$4,INDEX(ALGO!$A$2:$BZ$20001,0,$B$18),$A50,INDEX(ALGO!$A$2:$BZ$20001,0,G$29),"<>")) | H72: =IF(OR($A50="",H$29=""),0,COUNTIFS(INDEX(ALGO!$A$2:$BZ$20001,0,$B$19),$B$1,INDEX(ALGO!$A$2:$BZ$20001,0,$B$20),$B$4,INDEX(ALGO!$A$2:$BZ$20001,0,$B$18),$A50,INDEX(ALGO!$A$2:$BZ$20001,0,H$29),"<>")) | I72: =IF(OR($A50="",I$29=""),0,COUNTIFS(INDEX(ALGO!$A$2:$BZ$20001,0,$B$19),$B$1,INDEX(ALGO!$A$2:$BZ$20001,0,$B$20),$B$4,INDEX(ALGO!$A$2:$BZ$20001,0,$B$18),$A50,INDEX(ALGO!$A$2:$BZ$20001,0,I$29),"<>")) | J72: =IF(OR($A50="",J$29=""),0,COUNTIFS(INDEX(ALGO!$A$2:$BZ$20001,0,$B$19),$B$1,INDEX(ALGO!$A$2:$BZ$20001,0,$B$20),$B$4,INDEX(ALGO!$A$2:$BZ$20001,0,$B$18),$A50,INDEX(ALGO!$A$2:$BZ$20001,0,J$29),"<>")) | K72: =IF(OR($A50="",K$29=""),0,COUNTIFS(INDEX(ALGO!$A$2:$BZ$20001,0,$B$19),$B$1,INDEX(ALGO!$A$2:$BZ$20001,0,$B$20),$B$4,INDEX(ALGO!$A$2:$BZ$20001,0,$B$18),$A50,INDEX(ALGO!$A$2:$BZ$20001,0,K$29),"<>")) | ... AM72: =IF(OR($A50="",AM$29=""),0,COUNTIFS(INDEX(ALGO!$A$2:$BZ$20001,0,$B$19),$B$1,INDEX(ALGO!$A$2:$BZ$20001,0,$B$20),$B$4,INDEX(ALGO!$A$2:$BZ$20001,0,$B$18),$A50,INDEX(ALGO!$A$2:$BZ$20001,0,AM$29),"<>"))
A75: ALGO 1er item | B75: =INDEX(ALGO!$A$1:$BZ$20001,2,$B$19)
A76: ALGO 1er account | B76: =INDEX(ALGO!$A$1:$BZ$20001,2,$B$20)
A77: ALGO capas/interseccion | B77: =COUNTIFS(INDEX(ALGO!$A$2:$BZ$20001,0,$B$19),$B$75,INDEX(ALGO!$A$2:$BZ$20001,0,$B$20),$B$76)
A79: # | B79: Capa de ALGO | C79: excluida | D79: celdas con valor | E79: orden activo
A80: 1 | B80: =IF($A80>$B$77,"",IFERROR(INDEX(ALGO!$A$1:$BZ$20001,1+$A80,$B$18),"")) | C80: =IF($B80="",1,IF(COUNTIF($A$200:$A$202,$B80)>0,1,0)) | D80: =IF($C80=1,0,SUM($H80:$AQ80)) | E80: =IF($D80>0,1,0) | H80: =IF(OR($C80=1,D$29=""),0,COUNTIFS(INDEX(ALGO!$A$2:$BZ$20001,0,$B$19),$B$1,INDEX(ALGO!$A$2:$BZ$20001,0,$B$20),"*",INDEX(ALGO!$A$2:$BZ$20001,0,$B$18),$B80,INDEX(ALGO!$A$2:$BZ$20001,0,D$29),"<>")) | I80: =IF(OR($C80=1,E$29=""),0,COUNTIFS(INDEX(ALGO!$A$2:$BZ$20001,0,$B$19),$B$1,INDEX(ALGO!$A$2:$BZ$20001,0,$B$20),"*",INDEX(ALGO!$A$2:$BZ$20001,0,$B$18),$B80,INDEX(ALGO!$A$2:$BZ$20001,0,E$29),"<>")) | J80: =IF(OR($C80=1,F$29=""),0,COUNTIFS(INDEX(ALGO!$A$2:$BZ$20001,0,$B$19),$B$1,INDEX(ALGO!$A$2:$BZ$20001,0,$B$20),"*",INDEX(ALGO!$A$2:$BZ$20001,0,$B$18),$B80,INDEX(ALGO!$A$2:$BZ$20001,0,F$29),"<>")) | K80: =IF(OR($C80=1,G$29=""),0,COUNTIFS(INDEX(ALGO!$A$2:$BZ$20001,0,$B$19),$B$1,INDEX(ALGO!$A$2:$BZ$20001,0,$B$20),"*",INDEX(ALGO!$A$2:$BZ$20001,0,$B$18),$B80,INDEX(ALGO!$A$2:$BZ$20001,0,G$29),"<>")) | L80: =IF(OR($C80=1,H$29=""),0,COUNTIFS(INDEX(ALGO!$A$2:$BZ$20001,0,$B$19),$B$1,INDEX(ALGO!$A$2:$BZ$20001,0,$B$20),"*",INDEX(ALGO!$A$2:$BZ$20001,0,$B$18),$B80,INDEX(ALGO!$A$2:$BZ$20001,0,H$29),"<>")) | M80: =IF(OR($C80=1,I$29=""),0,COUNTIFS(INDEX(ALGO!$A$2:$BZ$20001,0,$B$19),$B$1,INDEX(ALGO!$A$2:$BZ$20001,0,$B$20),"*",INDEX(ALGO!$A$2:$BZ$20001,0,$B$18),$B80,INDEX(ALGO!$A$2:$BZ$20001,0,I$29),"<>")) | N80: =IF(OR($C80=1,J$29=""),0,COUNTIFS(INDEX(ALGO!$A$2:$BZ$20001,0,$B$19),$B$1,INDEX(ALGO!$A$2:$BZ$20001,0,$B$20),"*",INDEX(ALGO!$A$2:$BZ$20001,0,$B$18),$B80,INDEX(ALGO!$A$2:$BZ$20001,0,J$29),"<>")) | O80: =IF(OR($C80=1,K$29=""),0,COUNTIFS(INDEX(ALGO!$A$2:$BZ$20001,0,$B$19),$B$1,INDEX(ALGO!$A$2:$BZ$20001,0,$B$20),"*",INDEX(ALGO!$A$2:$BZ$20001,0,$B$18),$B80,INDEX(ALGO!$A$2:$BZ$20001,0,K$29),"<>")) | ... AQ80: =IF(OR($C80=1,AM$29=""),0,COUNTIFS(INDEX(ALGO!$A$2:$BZ$20001,0,$B$19),$B$1,INDEX(ALGO!$A$2:$BZ$20001,0,$B$20),"*",INDEX(ALGO!$A$2:$BZ$20001,0,$B$18),$B80,INDEX(ALGO!$A$2:$BZ$20001,0,AM$29),"<>"))
A81: 2 | B81: =IF($A81>$B$77,"",IFERROR(INDEX(ALGO!$A$1:$BZ$20001,1+$A81,$B$18),"")) | C81: =IF($B81="",1,IF(COUNTIF($A$200:$A$202,$B81)>0,1,0)) | D81: =IF($C81=1,0,SUM($H81:$AQ81)) | E81: =$E80+IF($D81>0,1,0) | H81: =IF(OR($C81=1,D$29=""),0,COUNTIFS(INDEX(ALGO!$A$2:$BZ$20001,0,$B$19),$B$1,INDEX(ALGO!$A$2:$BZ$20001,0,$B$20),"*",INDEX(ALGO!$A$2:$BZ$20001,0,$B$18),$B81,INDEX(ALGO!$A$2:$BZ$20001,0,D$29),"<>")) | I81: =IF(OR($C81=1,E$29=""),0,COUNTIFS(INDEX(ALGO!$A$2:$BZ$20001,0,$B$19),$B$1,INDEX(ALGO!$A$2:$BZ$20001,0,$B$20),"*",INDEX(ALGO!$A$2:$BZ$20001,0,$B$18),$B81,INDEX(ALGO!$A$2:$BZ$20001,0,E$29),"<>")) | J81: =IF(OR($C81=1,F$29=""),0,COUNTIFS(INDEX(ALGO!$A$2:$BZ$20001,0,$B$19),$B$1,INDEX(ALGO!$A$2:$BZ$20001,0,$B$20),"*",INDEX(ALGO!$A$2:$BZ$20001,0,$B$18),$B81,INDEX(ALGO!$A$2:$BZ$20001,0,F$29),"<>")) | K81: =IF(OR($C81=1,G$29=""),0,COUNTIFS(INDEX(ALGO!$A$2:$BZ$20001,0,$B$19),$B$1,INDEX(ALGO!$A$2:$BZ$20001,0,$B$20),"*",INDEX(ALGO!$A$2:$BZ$20001,0,$B$18),$B81,INDEX(ALGO!$A$2:$BZ$20001,0,G$29),"<>")) | L81: =IF(OR($C81=1,H$29=""),0,COUNTIFS(INDEX(ALGO!$A$2:$BZ$20001,0,$B$19),$B$1,INDEX(ALGO!$A$2:$BZ$20001,0,$B$20),"*",INDEX(ALGO!$A$2:$BZ$20001,0,$B$18),$B81,INDEX(ALGO!$A$2:$BZ$20001,0,H$29),"<>")) | M81: =IF(OR($C81=1,I$29=""),0,COUNTIFS(INDEX(ALGO!$A$2:$BZ$20001,0,$B$19),$B$1,INDEX(ALGO!$A$2:$BZ$20001,0,$B$20),"*",INDEX(ALGO!$A$2:$BZ$20001,0,$B$18),$B81,INDEX(ALGO!$A$2:$BZ$20001,0,I$29),"<>")) | N81: =IF(OR($C81=1,J$29=""),0,COUNTIFS(INDEX(ALGO!$A$2:$BZ$20001,0,$B$19),$B$1,INDEX(ALGO!$A$2:$BZ$20001,0,$B$20),"*",INDEX(ALGO!$A$2:$BZ$20001,0,$B$18),$B81,INDEX(ALGO!$A$2:$BZ$20001,0,J$29),"<>")) | O81: =IF(OR($C81=1,K$29=""),0,COUNTIFS(INDEX(ALGO!$A$2:$BZ$20001,0,$B$19),$B$1,INDEX(ALGO!$A$2:$BZ$20001,0,$B$20),"*",INDEX(ALGO!$A$2:$BZ$20001,0,$B$18),$B81,INDEX(ALGO!$A$2:$BZ$20001,0,K$29),"<>")) | ... AQ81: =IF(OR($C81=1,AM$29=""),0,COUNTIFS(INDEX(ALGO!$A$2:$BZ$20001,0,$B$19),$B$1,INDEX(ALGO!$A$2:$BZ$20001,0,$B$20),"*",INDEX(ALGO!$A$2:$BZ$20001,0,$B$18),$B81,INDEX(ALGO!$A$2:$BZ$20001,0,AM$29),"<>"))
A82: 3 | B82: =IF($A82>$B$77,"",IFERROR(INDEX(ALGO!$A$1:$BZ$20001,1+$A82,$B$18),"")) | C82: =IF($B82="",1,IF(COUNTIF($A$200:$A$202,$B82)>0,1,0)) | D82: =IF($C82=1,0,SUM($H82:$AQ82)) | E82: =$E81+IF($D82>0,1,0) | H82: =IF(OR($C82=1,D$29=""),0,COUNTIFS(INDEX(ALGO!$A$2:$BZ$20001,0,$B$19),$B$1,INDEX(ALGO!$A$2:$BZ$20001,0,$B$20),"*",INDEX(ALGO!$A$2:$BZ$20001,0,$B$18),$B82,INDEX(ALGO!$A$2:$BZ$20001,0,D$29),"<>")) | I82: =IF(OR($C82=1,E$29=""),0,COUNTIFS(INDEX(ALGO!$A$2:$BZ$20001,0,$B$19),$B$1,INDEX(ALGO!$A$2:$BZ$20001,0,$B$20),"*",INDEX(ALGO!$A$2:$BZ$20001,0,$B$18),$B82,INDEX(ALGO!$A$2:$BZ$20001,0,E$29),"<>")) | J82: =IF(OR($C82=1,F$29=""),0,COUNTIFS(INDEX(ALGO!$A$2:$BZ$20001,0,$B$19),$B$1,INDEX(ALGO!$A$2:$BZ$20001,0,$B$20),"*",INDEX(ALGO!$A$2:$BZ$20001,0,$B$18),$B82,INDEX(ALGO!$A$2:$BZ$20001,0,F$29),"<>")) | K82: =IF(OR($C82=1,G$29=""),0,COUNTIFS(INDEX(ALGO!$A$2:$BZ$20001,0,$B$19),$B$1,INDEX(ALGO!$A$2:$BZ$20001,0,$B$20),"*",INDEX(ALGO!$A$2:$BZ$20001,0,$B$18),$B82,INDEX(ALGO!$A$2:$BZ$20001,0,G$29),"<>")) | L82: =IF(OR($C82=1,H$29=""),0,COUNTIFS(INDEX(ALGO!$A$2:$BZ$20001,0,$B$19),$B$1,INDEX(ALGO!$A$2:$BZ$20001,0,$B$20),"*",INDEX(ALGO!$A$2:$BZ$20001,0,$B$18),$B82,INDEX(ALGO!$A$2:$BZ$20001,0,H$29),"<>")) | M82: =IF(OR($C82=1,I$29=""),0,COUNTIFS(INDEX(ALGO!$A$2:$BZ$20001,0,$B$19),$B$1,INDEX(ALGO!$A$2:$BZ$20001,0,$B$20),"*",INDEX(ALGO!$A$2:$BZ$20001,0,$B$18),$B82,INDEX(ALGO!$A$2:$BZ$20001,0,I$29),"<>")) | N82: =IF(OR($C82=1,J$29=""),0,COUNTIFS(INDEX(ALGO!$A$2:$BZ$20001,0,$B$19),$B$1,INDEX(ALGO!$A$2:$BZ$20001,0,$B$20),"*",INDEX(ALGO!$A$2:$BZ$20001,0,$B$18),$B82,INDEX(ALGO!$A$2:$BZ$20001,0,J$29),"<>")) | O82: =IF(OR($C82=1,K$29=""),0,COUNTIFS(INDEX(ALGO!$A$2:$BZ$20001,0,$B$19),$B$1,INDEX(ALGO!$A$2:$BZ$20001,0,$B$20),"*",INDEX(ALGO!$A$2:$BZ$20001,0,$B$18),$B82,INDEX(ALGO!$A$2:$BZ$20001,0,K$29),"<>")) | ... AQ82: =IF(OR($C82=1,AM$29=""),0,COUNTIFS(INDEX(ALGO!$A$2:$BZ$20001,0,$B$19),$B$1,INDEX(ALGO!$A$2:$BZ$20001,0,$B$20),"*",INDEX(ALGO!$A$2:$BZ$20001,0,$B$18),$B82,INDEX(ALGO!$A$2:$BZ$20001,0,AM$29),"<>"))
A83: 4 | B83: =IF($A83>$B$77,"",IFERROR(INDEX(ALGO!$A$1:$BZ$20001,1+$A83,$B$18),"")) | C83: =IF($B83="",1,IF(COUNTIF($A$200:$A$202,$B83)>0,1,0)) | D83: =IF($C83=1,0,SUM($H83:$AQ83)) | E83: =$E82+IF($D83>0,1,0) | H83: =IF(OR($C83=1,D$29=""),0,COUNTIFS(INDEX(ALGO!$A$2:$BZ$20001,0,$B$19),$B$1,INDEX(ALGO!$A$2:$BZ$20001,0,$B$20),"*",INDEX(ALGO!$A$2:$BZ$20001,0,$B$18),$B83,INDEX(ALGO!$A$2:$BZ$20001,0,D$29),"<>")) | I83: =IF(OR($C83=1,E$29=""),0,COUNTIFS(INDEX(ALGO!$A$2:$BZ$20001,0,$B$19),$B$1,INDEX(ALGO!$A$2:$BZ$20001,0,$B$20),"*",INDEX(ALGO!$A$2:$BZ$20001,0,$B$18),$B83,INDEX(ALGO!$A$2:$BZ$20001,0,E$29),"<>")) | J83: =IF(OR($C83=1,F$29=""),0,COUNTIFS(INDEX(ALGO!$A$2:$BZ$20001,0,$B$19),$B$1,INDEX(ALGO!$A$2:$BZ$20001,0,$B$20),"*",INDEX(ALGO!$A$2:$BZ$20001,0,$B$18),$B83,INDEX(ALGO!$A$2:$BZ$20001,0,F$29),"<>")) | K83: =IF(OR($C83=1,G$29=""),0,COUNTIFS(INDEX(ALGO!$A$2:$BZ$20001,0,$B$19),$B$1,INDEX(ALGO!$A$2:$BZ$20001,0,$B$20),"*",INDEX(ALGO!$A$2:$BZ$20001,0,$B$18),$B83,INDEX(ALGO!$A$2:$BZ$20001,0,G$29),"<>")) | L83: =IF(OR($C83=1,H$29=""),0,COUNTIFS(INDEX(ALGO!$A$2:$BZ$20001,0,$B$19),$B$1,INDEX(ALGO!$A$2:$BZ$20001,0,$B$20),"*",INDEX(ALGO!$A$2:$BZ$20001,0,$B$18),$B83,INDEX(ALGO!$A$2:$BZ$20001,0,H$29),"<>")) | M83: =IF(OR($C83=1,I$29=""),0,COUNTIFS(INDEX(ALGO!$A$2:$BZ$20001,0,$B$19),$B$1,INDEX(ALGO!$A$2:$BZ$20001,0,$B$20),"*",INDEX(ALGO!$A$2:$BZ$20001,0,$B$18),$B83,INDEX(ALGO!$A$2:$BZ$20001,0,I$29),"<>")) | N83: =IF(OR($C83=1,J$29=""),0,COUNTIFS(INDEX(ALGO!$A$2:$BZ$20001,0,$B$19),$B$1,INDEX(ALGO!$A$2:$BZ$20001,0,$B$20),"*",INDEX(ALGO!$A$2:$BZ$20001,0,$B$18),$B83,INDEX(ALGO!$A$2:$BZ$20001,0,J$29),"<>")) | O83: =IF(OR($C83=1,K$29=""),0,COUNTIFS(INDEX(ALGO!$A$2:$BZ$20001,0,$B$19),$B$1,INDEX(ALGO!$A$2:$BZ$20001,0,$B$20),"*",INDEX(ALGO!$A$2:$BZ$20001,0,$B$18),$B83,INDEX(ALGO!$A$2:$BZ$20001,0,K$29),"<>")) | ... AQ83: =IF(OR($C83=1,AM$29=""),0,COUNTIFS(INDEX(ALGO!$A$2:$BZ$20001,0,$B$19),$B$1,INDEX(ALGO!$A$2:$BZ$20001,0,$B$20),"*",INDEX(ALGO!$A$2:$BZ$20001,0,$B$18),$B83,INDEX(ALGO!$A$2:$BZ$20001,0,AM$29),"<>"))
A84: 5 | B84: =IF($A84>$B$77,"",IFERROR(INDEX(ALGO!$A$1:$BZ$20001,1+$A84,$B$18),"")) | C84: =IF($B84="",1,IF(COUNTIF($A$200:$A$202,$B84)>0,1,0)) | D84: =IF($C84=1,0,SUM($H84:$AQ84)) | E84: =$E83+IF($D84>0,1,0) | H84: =IF(OR($C84=1,D$29=""),0,COUNTIFS(INDEX(ALGO!$A$2:$BZ$20001,0,$B$19),$B$1,INDEX(ALGO!$A$2:$BZ$20001,0,$B$20),"*",INDEX(ALGO!$A$2:$BZ$20001,0,$B$18),$B84,INDEX(ALGO!$A$2:$BZ$20001,0,D$29),"<>")) | I84: =IF(OR($C84=1,E$29=""),0,COUNTIFS(INDEX(ALGO!$A$2:$BZ$20001,0,$B$19),$B$1,INDEX(ALGO!$A$2:$BZ$20001,0,$B$20),"*",INDEX(ALGO!$A$2:$BZ$20001,0,$B$18),$B84,INDEX(ALGO!$A$2:$BZ$20001,0,E$29),"<>")) | J84: =IF(OR($C84=1,F$29=""),0,COUNTIFS(INDEX(ALGO!$A$2:$BZ$20001,0,$B$19),$B$1,INDEX(ALGO!$A$2:$BZ$20001,0,$B$20),"*",INDEX(ALGO!$A$2:$BZ$20001,0,$B$18),$B84,INDEX(ALGO!$A$2:$BZ$20001,0,F$29),"<>")) | K84: =IF(OR($C84=1,G$29=""),0,COUNTIFS(INDEX(ALGO!$A$2:$BZ$20001,0,$B$19),$B$1,INDEX(ALGO!$A$2:$BZ$20001,0,$B$20),"*",INDEX(ALGO!$A$2:$BZ$20001,0,$B$18),$B84,INDEX(ALGO!$A$2:$BZ$20001,0,G$29),"<>")) | L84: =IF(OR($C84=1,H$29=""),0,COUNTIFS(INDEX(ALGO!$A$2:$BZ$20001,0,$B$19),$B$1,INDEX(ALGO!$A$2:$BZ$20001,0,$B$20),"*",INDEX(ALGO!$A$2:$BZ$20001,0,$B$18),$B84,INDEX(ALGO!$A$2:$BZ$20001,0,H$29),"<>")) | M84: =IF(OR($C84=1,I$29=""),0,COUNTIFS(INDEX(ALGO!$A$2:$BZ$20001,0,$B$19),$B$1,INDEX(ALGO!$A$2:$BZ$20001,0,$B$20),"*",INDEX(ALGO!$A$2:$BZ$20001,0,$B$18),$B84,INDEX(ALGO!$A$2:$BZ$20001,0,I$29),"<>")) | N84: =IF(OR($C84=1,J$29=""),0,COUNTIFS(INDEX(ALGO!$A$2:$BZ$20001,0,$B$19),$B$1,INDEX(ALGO!$A$2:$BZ$20001,0,$B$20),"*",INDEX(ALGO!$A$2:$BZ$20001,0,$B$18),$B84,INDEX(ALGO!$A$2:$BZ$20001,0,J$29),"<>")) | O84: =IF(OR($C84=1,K$29=""),0,COUNTIFS(INDEX(ALGO!$A$2:$BZ$20001,0,$B$19),$B$1,INDEX(ALGO!$A$2:$BZ$20001,0,$B$20),"*",INDEX(ALGO!$A$2:$BZ$20001,0,$B$18),$B84,INDEX(ALGO!$A$2:$BZ$20001,0,K$29),"<>")) | ... AQ84: =IF(OR($C84=1,AM$29=""),0,COUNTIFS(INDEX(ALGO!$A$2:$BZ$20001,0,$B$19),$B$1,INDEX(ALGO!$A$2:$BZ$20001,0,$B$20),"*",INDEX(ALGO!$A$2:$BZ$20001,0,$B$18),$B84,INDEX(ALGO!$A$2:$BZ$20001,0,AM$29),"<>"))
A85: 6 | B85: =IF($A85>$B$77,"",IFERROR(INDEX(ALGO!$A$1:$BZ$20001,1+$A85,$B$18),"")) | C85: =IF($B85="",1,IF(COUNTIF($A$200:$A$202,$B85)>0,1,0)) | D85: =IF($C85=1,0,SUM($H85:$AQ85)) | E85: =$E84+IF($D85>0,1,0) | H85: =IF(OR($C85=1,D$29=""),0,COUNTIFS(INDEX(ALGO!$A$2:$BZ$20001,0,$B$19),$B$1,INDEX(ALGO!$A$2:$BZ$20001,0,$B$20),"*",INDEX(ALGO!$A$2:$BZ$20001,0,$B$18),$B85,INDEX(ALGO!$A$2:$BZ$20001,0,D$29),"<>")) | I85: =IF(OR($C85=1,E$29=""),0,COUNTIFS(INDEX(ALGO!$A$2:$BZ$20001,0,$B$19),$B$1,INDEX(ALGO!$A$2:$BZ$20001,0,$B$20),"*",INDEX(ALGO!$A$2:$BZ$20001,0,$B$18),$B85,INDEX(ALGO!$A$2:$BZ$20001,0,E$29),"<>")) | J85: =IF(OR($C85=1,F$29=""),0,COUNTIFS(INDEX(ALGO!$A$2:$BZ$20001,0,$B$19),$B$1,INDEX(ALGO!$A$2:$BZ$20001,0,$B$20),"*",INDEX(ALGO!$A$2:$BZ$20001,0,$B$18),$B85,INDEX(ALGO!$A$2:$BZ$20001,0,F$29),"<>")) | K85: =IF(OR($C85=1,G$29=""),0,COUNTIFS(INDEX(ALGO!$A$2:$BZ$20001,0,$B$19),$B$1,INDEX(ALGO!$A$2:$BZ$20001,0,$B$20),"*",INDEX(ALGO!$A$2:$BZ$20001,0,$B$18),$B85,INDEX(ALGO!$A$2:$BZ$20001,0,G$29),"<>")) | L85: =IF(OR($C85=1,H$29=""),0,COUNTIFS(INDEX(ALGO!$A$2:$BZ$20001,0,$B$19),$B$1,INDEX(ALGO!$A$2:$BZ$20001,0,$B$20),"*",INDEX(ALGO!$A$2:$BZ$20001,0,$B$18),$B85,INDEX(ALGO!$A$2:$BZ$20001,0,H$29),"<>")) | M85: =IF(OR($C85=1,I$29=""),0,COUNTIFS(INDEX(ALGO!$A$2:$BZ$20001,0,$B$19),$B$1,INDEX(ALGO!$A$2:$BZ$20001,0,$B$20),"*",INDEX(ALGO!$A$2:$BZ$20001,0,$B$18),$B85,INDEX(ALGO!$A$2:$BZ$20001,0,I$29),"<>")) | N85: =IF(OR($C85=1,J$29=""),0,COUNTIFS(INDEX(ALGO!$A$2:$BZ$20001,0,$B$19),$B$1,INDEX(ALGO!$A$2:$BZ$20001,0,$B$20),"*",INDEX(ALGO!$A$2:$BZ$20001,0,$B$18),$B85,INDEX(ALGO!$A$2:$BZ$20001,0,J$29),"<>")) | O85: =IF(OR($C85=1,K$29=""),0,COUNTIFS(INDEX(ALGO!$A$2:$BZ$20001,0,$B$19),$B$1,INDEX(ALGO!$A$2:$BZ$20001,0,$B$20),"*",INDEX(ALGO!$A$2:$BZ$20001,0,$B$18),$B85,INDEX(ALGO!$A$2:$BZ$20001,0,K$29),"<>")) | ... AQ85: =IF(OR($C85=1,AM$29=""),0,COUNTIFS(INDEX(ALGO!$A$2:$BZ$20001,0,$B$19),$B$1,INDEX(ALGO!$A$2:$BZ$20001,0,$B$20),"*",INDEX(ALGO!$A$2:$BZ$20001,0,$B$18),$B85,INDEX(ALGO!$A$2:$BZ$20001,0,AM$29),"<>"))
A86: 7 | B86: =IF($A86>$B$77,"",IFERROR(INDEX(ALGO!$A$1:$BZ$20001,1+$A86,$B$18),"")) | C86: =IF($B86="",1,IF(COUNTIF($A$200:$A$202,$B86)>0,1,0)) | D86: =IF($C86=1,0,SUM($H86:$AQ86)) | E86: =$E85+IF($D86>0,1,0) | H86: =IF(OR($C86=1,D$29=""),0,COUNTIFS(INDEX(ALGO!$A$2:$BZ$20001,0,$B$19),$B$1,INDEX(ALGO!$A$2:$BZ$20001,0,$B$20),"*",INDEX(ALGO!$A$2:$BZ$20001,0,$B$18),$B86,INDEX(ALGO!$A$2:$BZ$20001,0,D$29),"<>")) | I86: =IF(OR($C86=1,E$29=""),0,COUNTIFS(INDEX(ALGO!$A$2:$BZ$20001,0,$B$19),$B$1,INDEX(ALGO!$A$2:$BZ$20001,0,$B$20),"*",INDEX(ALGO!$A$2:$BZ$20001,0,$B$18),$B86,INDEX(ALGO!$A$2:$BZ$20001,0,E$29),"<>")) | J86: =IF(OR($C86=1,F$29=""),0,COUNTIFS(INDEX(ALGO!$A$2:$BZ$20001,0,$B$19),$B$1,INDEX(ALGO!$A$2:$BZ$20001,0,$B$20),"*",INDEX(ALGO!$A$2:$BZ$20001,0,$B$18),$B86,INDEX(ALGO!$A$2:$BZ$20001,0,F$29),"<>")) | K86: =IF(OR($C86=1,G$29=""),0,COUNTIFS(INDEX(ALGO!$A$2:$BZ$20001,0,$B$19),$B$1,INDEX(ALGO!$A$2:$BZ$20001,0,$B$20),"*",INDEX(ALGO!$A$2:$BZ$20001,0,$B$18),$B86,INDEX(ALGO!$A$2:$BZ$20001,0,G$29),"<>")) | L86: =IF(OR($C86=1,H$29=""),0,COUNTIFS(INDEX(ALGO!$A$2:$BZ$20001,0,$B$19),$B$1,INDEX(ALGO!$A$2:$BZ$20001,0,$B$20),"*",INDEX(ALGO!$A$2:$BZ$20001,0,$B$18),$B86,INDEX(ALGO!$A$2:$BZ$20001,0,H$29),"<>")) | M86: =IF(OR($C86=1,I$29=""),0,COUNTIFS(INDEX(ALGO!$A$2:$BZ$20001,0,$B$19),$B$1,INDEX(ALGO!$A$2:$BZ$20001,0,$B$20),"*",INDEX(ALGO!$A$2:$BZ$20001,0,$B$18),$B86,INDEX(ALGO!$A$2:$BZ$20001,0,I$29),"<>")) | N86: =IF(OR($C86=1,J$29=""),0,COUNTIFS(INDEX(ALGO!$A$2:$BZ$20001,0,$B$19),$B$1,INDEX(ALGO!$A$2:$BZ$20001,0,$B$20),"*",INDEX(ALGO!$A$2:$BZ$20001,0,$B$18),$B86,INDEX(ALGO!$A$2:$BZ$20001,0,J$29),"<>")) | O86: =IF(OR($C86=1,K$29=""),0,COUNTIFS(INDEX(ALGO!$A$2:$BZ$20001,0,$B$19),$B$1,INDEX(ALGO!$A$2:$BZ$20001,0,$B$20),"*",INDEX(ALGO!$A$2:$BZ$20001,0,$B$18),$B86,INDEX(ALGO!$A$2:$BZ$20001,0,K$29),"<>")) | ... AQ86: =IF(OR($C86=1,AM$29=""),0,COUNTIFS(INDEX(ALGO!$A$2:$BZ$20001,0,$B$19),$B$1,INDEX(ALGO!$A$2:$BZ$20001,0,$B$20),"*",INDEX(ALGO!$A$2:$BZ$20001,0,$B$18),$B86,INDEX(ALGO!$A$2:$BZ$20001,0,AM$29),"<>"))
A87: 8 | B87: =IF($A87>$B$77,"",IFERROR(INDEX(ALGO!$A$1:$BZ$20001,1+$A87,$B$18),"")) | C87: =IF($B87="",1,IF(COUNTIF($A$200:$A$202,$B87)>0,1,0)) | D87: =IF($C87=1,0,SUM($H87:$AQ87)) | E87: =$E86+IF($D87>0,1,0) | H87: =IF(OR($C87=1,D$29=""),0,COUNTIFS(INDEX(ALGO!$A$2:$BZ$20001,0,$B$19),$B$1,INDEX(ALGO!$A$2:$BZ$20001,0,$B$20),"*",INDEX(ALGO!$A$2:$BZ$20001,0,$B$18),$B87,INDEX(ALGO!$A$2:$BZ$20001,0,D$29),"<>")) | I87: =IF(OR($C87=1,E$29=""),0,COUNTIFS(INDEX(ALGO!$A$2:$BZ$20001,0,$B$19),$B$1,INDEX(ALGO!$A$2:$BZ$20001,0,$B$20),"*",INDEX(ALGO!$A$2:$BZ$20001,0,$B$18),$B87,INDEX(ALGO!$A$2:$BZ$20001,0,E$29),"<>")) | J87: =IF(OR($C87=1,F$29=""),0,COUNTIFS(INDEX(ALGO!$A$2:$BZ$20001,0,$B$19),$B$1,INDEX(ALGO!$A$2:$BZ$20001,0,$B$20),"*",INDEX(ALGO!$A$2:$BZ$20001,0,$B$18),$B87,INDEX(ALGO!$A$2:$BZ$20001,0,F$29),"<>")) | K87: =IF(OR($C87=1,G$29=""),0,COUNTIFS(INDEX(ALGO!$A$2:$BZ$20001,0,$B$19),$B$1,INDEX(ALGO!$A$2:$BZ$20001,0,$B$20),"*",INDEX(ALGO!$A$2:$BZ$20001,0,$B$18),$B87,INDEX(ALGO!$A$2:$BZ$20001,0,G$29),"<>")) | L87: =IF(OR($C87=1,H$29=""),0,COUNTIFS(INDEX(ALGO!$A$2:$BZ$20001,0,$B$19),$B$1,INDEX(ALGO!$A$2:$BZ$20001,0,$B$20),"*",INDEX(ALGO!$A$2:$BZ$20001,0,$B$18),$B87,INDEX(ALGO!$A$2:$BZ$20001,0,H$29),"<>")) | M87: =IF(OR($C87=1,I$29=""),0,COUNTIFS(INDEX(ALGO!$A$2:$BZ$20001,0,$B$19),$B$1,INDEX(ALGO!$A$2:$BZ$20001,0,$B$20),"*",INDEX(ALGO!$A$2:$BZ$20001,0,$B$18),$B87,INDEX(ALGO!$A$2:$BZ$20001,0,I$29),"<>")) | N87: =IF(OR($C87=1,J$29=""),0,COUNTIFS(INDEX(ALGO!$A$2:$BZ$20001,0,$B$19),$B$1,INDEX(ALGO!$A$2:$BZ$20001,0,$B$20),"*",INDEX(ALGO!$A$2:$BZ$20001,0,$B$18),$B87,INDEX(ALGO!$A$2:$BZ$20001,0,J$29),"<>")) | O87: =IF(OR($C87=1,K$29=""),0,COUNTIFS(INDEX(ALGO!$A$2:$BZ$20001,0,$B$19),$B$1,INDEX(ALGO!$A$2:$BZ$20001,0,$B$20),"*",INDEX(ALGO!$A$2:$BZ$20001,0,$B$18),$B87,INDEX(ALGO!$A$2:$BZ$20001,0,K$29),"<>")) | ... AQ87: =IF(OR($C87=1,AM$29=""),0,COUNTIFS(INDEX(ALGO!$A$2:$BZ$20001,0,$B$19),$B$1,INDEX(ALGO!$A$2:$BZ$20001,0,$B$20),"*",INDEX(ALGO!$A$2:$BZ$20001,0,$B$18),$B87,INDEX(ALGO!$A$2:$BZ$20001,0,AM$29),"<>"))
A88: 9 | B88: =IF($A88>$B$77,"",IFERROR(INDEX(ALGO!$A$1:$BZ$20001,1+$A88,$B$18),"")) | C88: =IF($B88="",1,IF(COUNTIF($A$200:$A$202,$B88)>0,1,0)) | D88: =IF($C88=1,0,SUM($H88:$AQ88)) | E88: =$E87+IF($D88>0,1,0) | H88: =IF(OR($C88=1,D$29=""),0,COUNTIFS(INDEX(ALGO!$A$2:$BZ$20001,0,$B$19),$B$1,INDEX(ALGO!$A$2:$BZ$20001,0,$B$20),"*",INDEX(ALGO!$A$2:$BZ$20001,0,$B$18),$B88,INDEX(ALGO!$A$2:$BZ$20001,0,D$29),"<>")) | I88: =IF(OR($C88=1,E$29=""),0,COUNTIFS(INDEX(ALGO!$A$2:$BZ$20001,0,$B$19),$B$1,INDEX(ALGO!$A$2:$BZ$20001,0,$B$20),"*",INDEX(ALGO!$A$2:$BZ$20001,0,$B$18),$B88,INDEX(ALGO!$A$2:$BZ$20001,0,E$29),"<>")) | J88: =IF(OR($C88=1,F$29=""),0,COUNTIFS(INDEX(ALGO!$A$2:$BZ$20001,0,$B$19),$B$1,INDEX(ALGO!$A$2:$BZ$20001,0,$B$20),"*",INDEX(ALGO!$A$2:$BZ$20001,0,$B$18),$B88,INDEX(ALGO!$A$2:$BZ$20001,0,F$29),"<>")) | K88: =IF(OR($C88=1,G$29=""),0,COUNTIFS(INDEX(ALGO!$A$2:$BZ$20001,0,$B$19),$B$1,INDEX(ALGO!$A$2:$BZ$20001,0,$B$20),"*",INDEX(ALGO!$A$2:$BZ$20001,0,$B$18),$B88,INDEX(ALGO!$A$2:$BZ$20001,0,G$29),"<>")) | L88: =IF(OR($C88=1,H$29=""),0,COUNTIFS(INDEX(ALGO!$A$2:$BZ$20001,0,$B$19),$B$1,INDEX(ALGO!$A$2:$BZ$20001,0,$B$20),"*",INDEX(ALGO!$A$2:$BZ$20001,0,$B$18),$B88,INDEX(ALGO!$A$2:$BZ$20001,0,H$29),"<>")) | M88: =IF(OR($C88=1,I$29=""),0,COUNTIFS(INDEX(ALGO!$A$2:$BZ$20001,0,$B$19),$B$1,INDEX(ALGO!$A$2:$BZ$20001,0,$B$20),"*",INDEX(ALGO!$A$2:$BZ$20001,0,$B$18),$B88,INDEX(ALGO!$A$2:$BZ$20001,0,I$29),"<>")) | N88: =IF(OR($C88=1,J$29=""),0,COUNTIFS(INDEX(ALGO!$A$2:$BZ$20001,0,$B$19),$B$1,INDEX(ALGO!$A$2:$BZ$20001,0,$B$20),"*",INDEX(ALGO!$A$2:$BZ$20001,0,$B$18),$B88,INDEX(ALGO!$A$2:$BZ$20001,0,J$29),"<>")) | O88: =IF(OR($C88=1,K$29=""),0,COUNTIFS(INDEX(ALGO!$A$2:$BZ$20001,0,$B$19),$B$1,INDEX(ALGO!$A$2:$BZ$20001,0,$B$20),"*",INDEX(ALGO!$A$2:$BZ$20001,0,$B$18),$B88,INDEX(ALGO!$A$2:$BZ$20001,0,K$29),"<>")) | ... AQ88: =IF(OR($C88=1,AM$29=""),0,COUNTIFS(INDEX(ALGO!$A$2:$BZ$20001,0,$B$19),$B$1,INDEX(ALGO!$A$2:$BZ$20001,0,$B$20),"*",INDEX(ALGO!$A$2:$BZ$20001,0,$B$18),$B88,INDEX(ALGO!$A$2:$BZ$20001,0,AM$29),"<>"))
A89: 10 | B89: =IF($A89>$B$77,"",IFERROR(INDEX(ALGO!$A$1:$BZ$20001,1+$A89,$B$18),"")) | C89: =IF($B89="",1,IF(COUNTIF($A$200:$A$202,$B89)>0,1,0)) | D89: =IF($C89=1,0,SUM($H89:$AQ89)) | E89: =$E88+IF($D89>0,1,0) | H89: =IF(OR($C89=1,D$29=""),0,COUNTIFS(INDEX(ALGO!$A$2:$BZ$20001,0,$B$19),$B$1,INDEX(ALGO!$A$2:$BZ$20001,0,$B$20),"*",INDEX(ALGO!$A$2:$BZ$20001,0,$B$18),$B89,INDEX(ALGO!$A$2:$BZ$20001,0,D$29),"<>")) | I89: =IF(OR($C89=1,E$29=""),0,COUNTIFS(INDEX(ALGO!$A$2:$BZ$20001,0,$B$19),$B$1,INDEX(ALGO!$A$2:$BZ$20001,0,$B$20),"*",INDEX(ALGO!$A$2:$BZ$20001,0,$B$18),$B89,INDEX(ALGO!$A$2:$BZ$20001,0,E$29),"<>")) | J89: =IF(OR($C89=1,F$29=""),0,COUNTIFS(INDEX(ALGO!$A$2:$BZ$20001,0,$B$19),$B$1,INDEX(ALGO!$A$2:$BZ$20001,0,$B$20),"*",INDEX(ALGO!$A$2:$BZ$20001,0,$B$18),$B89,INDEX(ALGO!$A$2:$BZ$20001,0,F$29),"<>")) | K89: =IF(OR($C89=1,G$29=""),0,COUNTIFS(INDEX(ALGO!$A$2:$BZ$20001,0,$B$19),$B$1,INDEX(ALGO!$A$2:$BZ$20001,0,$B$20),"*",INDEX(ALGO!$A$2:$BZ$20001,0,$B$18),$B89,INDEX(ALGO!$A$2:$BZ$20001,0,G$29),"<>")) | L89: =IF(OR($C89=1,H$29=""),0,COUNTIFS(INDEX(ALGO!$A$2:$BZ$20001,0,$B$19),$B$1,INDEX(ALGO!$A$2:$BZ$20001,0,$B$20),"*",INDEX(ALGO!$A$2:$BZ$20001,0,$B$18),$B89,INDEX(ALGO!$A$2:$BZ$20001,0,H$29),"<>")) | M89: =IF(OR($C89=1,I$29=""),0,COUNTIFS(INDEX(ALGO!$A$2:$BZ$20001,0,$B$19),$B$1,INDEX(ALGO!$A$2:$BZ$20001,0,$B$20),"*",INDEX(ALGO!$A$2:$BZ$20001,0,$B$18),$B89,INDEX(ALGO!$A$2:$BZ$20001,0,I$29),"<>")) | N89: =IF(OR($C89=1,J$29=""),0,COUNTIFS(INDEX(ALGO!$A$2:$BZ$20001,0,$B$19),$B$1,INDEX(ALGO!$A$2:$BZ$20001,0,$B$20),"*",INDEX(ALGO!$A$2:$BZ$20001,0,$B$18),$B89,INDEX(ALGO!$A$2:$BZ$20001,0,J$29),"<>")) | O89: =IF(OR($C89=1,K$29=""),0,COUNTIFS(INDEX(ALGO!$A$2:$BZ$20001,0,$B$19),$B$1,INDEX(ALGO!$A$2:$BZ$20001,0,$B$20),"*",INDEX(ALGO!$A$2:$BZ$20001,0,$B$18),$B89,INDEX(ALGO!$A$2:$BZ$20001,0,K$29),"<>")) | ... AQ89: =IF(OR($C89=1,AM$29=""),0,COUNTIFS(INDEX(ALGO!$A$2:$BZ$20001,0,$B$19),$B$1,INDEX(ALGO!$A$2:$BZ$20001,0,$B$20),"*",INDEX(ALGO!$A$2:$BZ$20001,0,$B$18),$B89,INDEX(ALGO!$A$2:$BZ$20001,0,AM$29),"<>"))
A90: 11 | B90: =IF($A90>$B$77,"",IFERROR(INDEX(ALGO!$A$1:$BZ$20001,1+$A90,$B$18),"")) | C90: =IF($B90="",1,IF(COUNTIF($A$200:$A$202,$B90)>0,1,0)) | D90: =IF($C90=1,0,SUM($H90:$AQ90)) | E90: =$E89+IF($D90>0,1,0) | H90: =IF(OR($C90=1,D$29=""),0,COUNTIFS(INDEX(ALGO!$A$2:$BZ$20001,0,$B$19),$B$1,INDEX(ALGO!$A$2:$BZ$20001,0,$B$20),"*",INDEX(ALGO!$A$2:$BZ$20001,0,$B$18),$B90,INDEX(ALGO!$A$2:$BZ$20001,0,D$29),"<>")) | I90: =IF(OR($C90=1,E$29=""),0,COUNTIFS(INDEX(ALGO!$A$2:$BZ$20001,0,$B$19),$B$1,INDEX(ALGO!$A$2:$BZ$20001,0,$B$20),"*",INDEX(ALGO!$A$2:$BZ$20001,0,$B$18),$B90,INDEX(ALGO!$A$2:$BZ$20001,0,E$29),"<>")) | J90: =IF(OR($C90=1,F$29=""),0,COUNTIFS(INDEX(ALGO!$A$2:$BZ$20001,0,$B$19),$B$1,INDEX(ALGO!$A$2:$BZ$20001,0,$B$20),"*",INDEX(ALGO!$A$2:$BZ$20001,0,$B$18),$B90,INDEX(ALGO!$A$2:$BZ$20001,0,F$29),"<>")) | K90: =IF(OR($C90=1,G$29=""),0,COUNTIFS(INDEX(ALGO!$A$2:$BZ$20001,0,$B$19),$B$1,INDEX(ALGO!$A$2:$BZ$20001,0,$B$20),"*",INDEX(ALGO!$A$2:$BZ$20001,0,$B$18),$B90,INDEX(ALGO!$A$2:$BZ$20001,0,G$29),"<>")) | L90: =IF(OR($C90=1,H$29=""),0,COUNTIFS(INDEX(ALGO!$A$2:$BZ$20001,0,$B$19),$B$1,INDEX(ALGO!$A$2:$BZ$20001,0,$B$20),"*",INDEX(ALGO!$A$2:$BZ$20001,0,$B$18),$B90,INDEX(ALGO!$A$2:$BZ$20001,0,H$29),"<>")) | M90: =IF(OR($C90=1,I$29=""),0,COUNTIFS(INDEX(ALGO!$A$2:$BZ$20001,0,$B$19),$B$1,INDEX(ALGO!$A$2:$BZ$20001,0,$B$20),"*",INDEX(ALGO!$A$2:$BZ$20001,0,$B$18),$B90,INDEX(ALGO!$A$2:$BZ$20001,0,I$29),"<>")) | N90: =IF(OR($C90=1,J$29=""),0,COUNTIFS(INDEX(ALGO!$A$2:$BZ$20001,0,$B$19),$B$1,INDEX(ALGO!$A$2:$BZ$20001,0,$B$20),"*",INDEX(ALGO!$A$2:$BZ$20001,0,$B$18),$B90,INDEX(ALGO!$A$2:$BZ$20001,0,J$29),"<>")) | O90: =IF(OR($C90=1,K$29=""),0,COUNTIFS(INDEX(ALGO!$A$2:$BZ$20001,0,$B$19),$B$1,INDEX(ALGO!$A$2:$BZ$20001,0,$B$20),"*",INDEX(ALGO!$A$2:$BZ$20001,0,$B$18),$B90,INDEX(ALGO!$A$2:$BZ$20001,0,K$29),"<>")) | ... AQ90: =IF(OR($C90=1,AM$29=""),0,COUNTIFS(INDEX(ALGO!$A$2:$BZ$20001,0,$B$19),$B$1,INDEX(ALGO!$A$2:$BZ$20001,0,$B$20),"*",INDEX(ALGO!$A$2:$BZ$20001,0,$B$18),$B90,INDEX(ALGO!$A$2:$BZ$20001,0,AM$29),"<>"))
A91: 12 | B91: =IF($A91>$B$77,"",IFERROR(INDEX(ALGO!$A$1:$BZ$20001,1+$A91,$B$18),"")) | C91: =IF($B91="",1,IF(COUNTIF($A$200:$A$202,$B91)>0,1,0)) | D91: =IF($C91=1,0,SUM($H91:$AQ91)) | E91: =$E90+IF($D91>0,1,0) | H91: =IF(OR($C91=1,D$29=""),0,COUNTIFS(INDEX(ALGO!$A$2:$BZ$20001,0,$B$19),$B$1,INDEX(ALGO!$A$2:$BZ$20001,0,$B$20),"*",INDEX(ALGO!$A$2:$BZ$20001,0,$B$18),$B91,INDEX(ALGO!$A$2:$BZ$20001,0,D$29),"<>")) | I91: =IF(OR($C91=1,E$29=""),0,COUNTIFS(INDEX(ALGO!$A$2:$BZ$20001,0,$B$19),$B$1,INDEX(ALGO!$A$2:$BZ$20001,0,$B$20),"*",INDEX(ALGO!$A$2:$BZ$20001,0,$B$18),$B91,INDEX(ALGO!$A$2:$BZ$20001,0,E$29),"<>")) | J91: =IF(OR($C91=1,F$29=""),0,COUNTIFS(INDEX(ALGO!$A$2:$BZ$20001,0,$B$19),$B$1,INDEX(ALGO!$A$2:$BZ$20001,0,$B$20),"*",INDEX(ALGO!$A$2:$BZ$20001,0,$B$18),$B91,INDEX(ALGO!$A$2:$BZ$20001,0,F$29),"<>")) | K91: =IF(OR($C91=1,G$29=""),0,COUNTIFS(INDEX(ALGO!$A$2:$BZ$20001,0,$B$19),$B$1,INDEX(ALGO!$A$2:$BZ$20001,0,$B$20),"*",INDEX(ALGO!$A$2:$BZ$20001,0,$B$18),$B91,INDEX(ALGO!$A$2:$BZ$20001,0,G$29),"<>")) | L91: =IF(OR($C91=1,H$29=""),0,COUNTIFS(INDEX(ALGO!$A$2:$BZ$20001,0,$B$19),$B$1,INDEX(ALGO!$A$2:$BZ$20001,0,$B$20),"*",INDEX(ALGO!$A$2:$BZ$20001,0,$B$18),$B91,INDEX(ALGO!$A$2:$BZ$20001,0,H$29),"<>")) | M91: =IF(OR($C91=1,I$29=""),0,COUNTIFS(INDEX(ALGO!$A$2:$BZ$20001,0,$B$19),$B$1,INDEX(ALGO!$A$2:$BZ$20001,0,$B$20),"*",INDEX(ALGO!$A$2:$BZ$20001,0,$B$18),$B91,INDEX(ALGO!$A$2:$BZ$20001,0,I$29),"<>")) | N91: =IF(OR($C91=1,J$29=""),0,COUNTIFS(INDEX(ALGO!$A$2:$BZ$20001,0,$B$19),$B$1,INDEX(ALGO!$A$2:$BZ$20001,0,$B$20),"*",INDEX(ALGO!$A$2:$BZ$20001,0,$B$18),$B91,INDEX(ALGO!$A$2:$BZ$20001,0,J$29),"<>")) | O91: =IF(OR($C91=1,K$29=""),0,COUNTIFS(INDEX(ALGO!$A$2:$BZ$20001,0,$B$19),$B$1,INDEX(ALGO!$A$2:$BZ$20001,0,$B$20),"*",INDEX(ALGO!$A$2:$BZ$20001,0,$B$18),$B91,INDEX(ALGO!$A$2:$BZ$20001,0,K$29),"<>")) | ... AQ91: =IF(OR($C91=1,AM$29=""),0,COUNTIFS(INDEX(ALGO!$A$2:$BZ$20001,0,$B$19),$B$1,INDEX(ALGO!$A$2:$BZ$20001,0,$B$20),"*",INDEX(ALGO!$A$2:$BZ$20001,0,$B$18),$B91,INDEX(ALGO!$A$2:$BZ$20001,0,AM$29),"<>"))
A92: 13 | B92: =IF($A92>$B$77,"",IFERROR(INDEX(ALGO!$A$1:$BZ$20001,1+$A92,$B$18),"")) | C92: =IF($B92="",1,IF(COUNTIF($A$200:$A$202,$B92)>0,1,0)) | D92: =IF($C92=1,0,SUM($H92:$AQ92)) | E92: =$E91+IF($D92>0,1,0) | H92: =IF(OR($C92=1,D$29=""),0,COUNTIFS(INDEX(ALGO!$A$2:$BZ$20001,0,$B$19),$B$1,INDEX(ALGO!$A$2:$BZ$20001,0,$B$20),"*",INDEX(ALGO!$A$2:$BZ$20001,0,$B$18),$B92,INDEX(ALGO!$A$2:$BZ$20001,0,D$29),"<>")) | I92: =IF(OR($C92=1,E$29=""),0,COUNTIFS(INDEX(ALGO!$A$2:$BZ$20001,0,$B$19),$B$1,INDEX(ALGO!$A$2:$BZ$20001,0,$B$20),"*",INDEX(ALGO!$A$2:$BZ$20001,0,$B$18),$B92,INDEX(ALGO!$A$2:$BZ$20001,0,E$29),"<>")) | J92: =IF(OR($C92=1,F$29=""),0,COUNTIFS(INDEX(ALGO!$A$2:$BZ$20001,0,$B$19),$B$1,INDEX(ALGO!$A$2:$BZ$20001,0,$B$20),"*",INDEX(ALGO!$A$2:$BZ$20001,0,$B$18),$B92,INDEX(ALGO!$A$2:$BZ$20001,0,F$29),"<>")) | K92: =IF(OR($C92=1,G$29=""),0,COUNTIFS(INDEX(ALGO!$A$2:$BZ$20001,0,$B$19),$B$1,INDEX(ALGO!$A$2:$BZ$20001,0,$B$20),"*",INDEX(ALGO!$A$2:$BZ$20001,0,$B$18),$B92,INDEX(ALGO!$A$2:$BZ$20001,0,G$29),"<>")) | L92: =IF(OR($C92=1,H$29=""),0,COUNTIFS(INDEX(ALGO!$A$2:$BZ$20001,0,$B$19),$B$1,INDEX(ALGO!$A$2:$BZ$20001,0,$B$20),"*",INDEX(ALGO!$A$2:$BZ$20001,0,$B$18),$B92,INDEX(ALGO!$A$2:$BZ$20001,0,H$29),"<>")) | M92: =IF(OR($C92=1,I$29=""),0,COUNTIFS(INDEX(ALGO!$A$2:$BZ$20001,0,$B$19),$B$1,INDEX(ALGO!$A$2:$BZ$20001,0,$B$20),"*",INDEX(ALGO!$A$2:$BZ$20001,0,$B$18),$B92,INDEX(ALGO!$A$2:$BZ$20001,0,I$29),"<>")) | N92: =IF(OR($C92=1,J$29=""),0,COUNTIFS(INDEX(ALGO!$A$2:$BZ$20001,0,$B$19),$B$1,INDEX(ALGO!$A$2:$BZ$20001,0,$B$20),"*",INDEX(ALGO!$A$2:$BZ$20001,0,$B$18),$B92,INDEX(ALGO!$A$2:$BZ$20001,0,J$29),"<>")) | O92: =IF(OR($C92=1,K$29=""),0,COUNTIFS(INDEX(ALGO!$A$2:$BZ$20001,0,$B$19),$B$1,INDEX(ALGO!$A$2:$BZ$20001,0,$B$20),"*",INDEX(ALGO!$A$2:$BZ$20001,0,$B$18),$B92,INDEX(ALGO!$A$2:$BZ$20001,0,K$29),"<>")) | ... AQ92: =IF(OR($C92=1,AM$29=""),0,COUNTIFS(INDEX(ALGO!$A$2:$BZ$20001,0,$B$19),$B$1,INDEX(ALGO!$A$2:$BZ$20001,0,$B$20),"*",INDEX(ALGO!$A$2:$BZ$20001,0,$B$18),$B92,INDEX(ALGO!$A$2:$BZ$20001,0,AM$29),"<>"))
... A109: 30 | B109: =IF($A109>$B$77,"",IFERROR(INDEX(ALGO!$A$1:$BZ$20001,1+$A109,$B$18),"")) | C109: =IF($B109="",1,IF(COUNTIF($A$200:$A$202,$B109)>0,1,0)) | D109: =IF($C109=1,0,SUM($H109:$AQ109)) | E109: =$E108+IF($D109>0,1,0) | H109: =IF(OR($C109=1,D$29=""),0,COUNTIFS(INDEX(ALGO!$A$2:$BZ$20001,0,$B$19),$B$1,INDEX(ALGO!$A$2:$BZ$20001,0,$B$20),"*",INDEX(ALGO!$A$2:$BZ$20001,0,$B$18),$B109,INDEX(ALGO!$A$2:$BZ$20001,0,D$29),"<>")) | I109: =IF(OR($C109=1,E$29=""),0,COUNTIFS(INDEX(ALGO!$A$2:$BZ$20001,0,$B$19),$B$1,INDEX(ALGO!$A$2:$BZ$20001,0,$B$20),"*",INDEX(ALGO!$A$2:$BZ$20001,0,$B$18),$B109,INDEX(ALGO!$A$2:$BZ$20001,0,E$29),"<>")) | J109: =IF(OR($C109=1,F$29=""),0,COUNTIFS(INDEX(ALGO!$A$2:$BZ$20001,0,$B$19),$B$1,INDEX(ALGO!$A$2:$BZ$20001,0,$B$20),"*",INDEX(ALGO!$A$2:$BZ$20001,0,$B$18),$B109,INDEX(ALGO!$A$2:$BZ$20001,0,F$29),"<>")) | K109: =IF(OR($C109=1,G$29=""),0,COUNTIFS(INDEX(ALGO!$A$2:$BZ$20001,0,$B$19),$B$1,INDEX(ALGO!$A$2:$BZ$20001,0,$B$20),"*",INDEX(ALGO!$A$2:$BZ$20001,0,$B$18),$B109,INDEX(ALGO!$A$2:$BZ$20001,0,G$29),"<>")) | L109: =IF(OR($C109=1,H$29=""),0,COUNTIFS(INDEX(ALGO!$A$2:$BZ$20001,0,$B$19),$B$1,INDEX(ALGO!$A$2:$BZ$20001,0,$B$20),"*",INDEX(ALGO!$A$2:$BZ$20001,0,$B$18),$B109,INDEX(ALGO!$A$2:$BZ$20001,0,H$29),"<>")) | M109: =IF(OR($C109=1,I$29=""),0,COUNTIFS(INDEX(ALGO!$A$2:$BZ$20001,0,$B$19),$B$1,INDEX(ALGO!$A$2:$BZ$20001,0,$B$20),"*",INDEX(ALGO!$A$2:$BZ$20001,0,$B$18),$B109,INDEX(ALGO!$A$2:$BZ$20001,0,I$29),"<>")) | N109: =IF(OR($C109=1,J$29=""),0,COUNTIFS(INDEX(ALGO!$A$2:$BZ$20001,0,$B$19),$B$1,INDEX(ALGO!$A$2:$BZ$20001,0,$B$20),"*",INDEX(ALGO!$A$2:$BZ$20001,0,$B$18),$B109,INDEX(ALGO!$A$2:$BZ$20001,0,J$29),"<>")) | O109: =IF(OR($C109=1,K$29=""),0,COUNTIFS(INDEX(ALGO!$A$2:$BZ$20001,0,$B$19),$B$1,INDEX(ALGO!$A$2:$BZ$20001,0,$B$20),"*",INDEX(ALGO!$A$2:$BZ$20001,0,$B$18),$B109,INDEX(ALGO!$A$2:$BZ$20001,0,K$29),"<>")) | ... AQ109: =IF(OR($C109=1,AM$29=""),0,COUNTIFS(INDEX(ALGO!$A$2:$BZ$20001,0,$B$19),$B$1,INDEX(ALGO!$A$2:$BZ$20001,0,$B$20),"*",INDEX(ALGO!$A$2:$BZ$20001,0,$B$18),$B109,INDEX(ALGO!$A$2:$BZ$20001,0,AM$29),"<>"))
